,library,real_time_full,user_time_full,sys_time_full,real_time_solo,user_time_solo,sys_time_solo,real_time_constant,user_time_constant,sys_time_constant
0,python-debian,1.297,1.092,0.133,0.941,0.811,0.102,0.767,0.677,0.088
1,keyrings-alt,0.976,0.808,0.144,0.936,0.817,0.094,0.781,0.692,0.087
2,menpofit,18.089,16.139,1.588,1.847,1.612,0.2,0.812,0.722,0.088
3,dash_daq,16.63,13.765,2.134,1.924,1.669,0.229,0.93,0.834,0.093
4,pyats.templates,10.146,7.625,0.656,1.202,1.055,0.12,1.044,0.921,0.12
5,click_log,1.495,1.28,0.127,0.983,0.844,0.094,0.844,0.777,0.063
6,neotime,2.218,1.898,0.274,1.709,1.457,0.239,0.705,0.583,0.119
7,vegasflow,40.598,26.642,3.558,1.197,1.074,0.094,1.059,0.958,0.098
8,miepython,12.265,11.014,1.034,5.039,3.789,0.529,0.796,0.726,0.066
9,azure-mgmt-cdn,2.887,2.388,0.277,1.314,1.134,0.149,0.791,0.692,0.095
10,datreant.core,2.704,2.333,0.312,0.979,0.853,0.094,0.811,0.71,0.098
11,stemming,1.598,1.397,0.188,1.629,1.405,0.193,0.722,0.619,0.101
12,sacrebleu,0.985,0.814,0.123,0.937,0.795,0.116,0.797,0.714,0.078
13,event-model,4.743,4.149,0.482,1.097,0.961,0.108,0.916,0.799,0.113
14,nbforms,0.925,0.744,0.114,0.863,0.764,0.072,0.717,0.592,0.122
15,django-compressor,4.749,3.99,0.52,1.928,1.641,0.245,1.865,1.581,0.243
16,pygeodesy,1.392,1.151,0.193,1.445,1.281,0.125,0.776,0.7,0.072
17,paste,1.11,0.95,0.111,1.22,1.056,0.127,0.668,0.604,0.062
18,pygenometracks,16.442,14.454,1.438,9.498,10.089,3.736,9.281,9.987,3.548
19,azure-mgmt-media,3.023,2.614,0.219,1.217,1.03,0.147,0.798,0.708,0.087
20,kytea,1.107,0.917,0.142,1.145,0.954,0.144,0.758,0.671,0.085
21,python-libtorrent,0.837,0.726,0.103,0.77,0.652,0.104,0.721,0.624,0.088
22,pyats.datastructures,1.123,0.978,0.109,1.104,0.915,0.153,0.778,0.701,0.074
23,pycifrw,1.771,1.492,0.243,1.801,1.527,0.244,1.831,1.561,0.239
24,pyats.robot,13.95,11.934,1.156,1.151,1.024,0.098,1.139,1.016,0.118
25,webweb,6.135,7.109,3.512,2.241,5.331,5.594,0.61,0.544,0.063
26,fcsparser,6.701,6.105,0.485,0.966,0.802,0.127,0.773,0.673,0.097
27,aiohttp-cors,4.014,3.548,0.3,0.963,0.84,0.096,0.891,0.801,0.087
28,locustio,1.665,1.445,0.2,1.688,1.48,0.167,1.611,1.384,0.206
29,numpy.matlib,0.795,0.685,0.1,0.726,0.61,0.108,0.747,0.652,0.086
30,pythonturtle,0.906,0.725,0.145,0.833,0.72,0.079,0.762,0.64,0.119
31,flavio,15.896,14.216,1.492,2.284,1.997,0.277,0.835,0.738,0.095
32,protobuf3-to-dict,2.201,1.938,0.185,1.457,1.244,0.198,0.704,0.609,0.091
33,osm-conflate,3.0,2.582,0.321,1.94,1.612,0.309,0.686,0.595,0.087
34,qt-gui,0.684,0.564,0.111,0.771,0.678,0.085,0.698,0.608,0.082
35,flowws,0.863,0.761,0.078,0.904,0.764,0.115,0.782,0.705,0.075
36,python-delairstack,3.756,3.208,0.438,1.809,1.592,0.207,0.82,0.716,0.1
37,scikit-vectors,0.965,0.807,0.103,0.99,0.833,0.118,0.772,0.703,0.066
38,torch-summary,0.854,0.704,0.113,0.918,0.835,0.057,0.783,0.681,0.099
39,klampt,2.428,1.872,0.282,2.135,1.837,0.257,0.799,0.659,0.137
40,locuspeerexplorer,10.822,11.584,3.707,1.539,1.31,0.211,0.778,0.665,0.11
41,tf2-py,0.773,0.647,0.117,0.784,0.689,0.085,0.815,0.687,0.099
42,gender-guesser,0.966,0.811,0.099,0.929,0.789,0.103,0.816,0.741,0.073
43,montage_wrapper,5.416,4.765,0.542,0.946,0.823,0.097,0.811,0.718,0.089
44,boxx,21.061,18.299,1.828,1.844,1.647,0.183,0.974,0.901,0.07
45,bigml,11.035,9.597,1.257,2.761,2.377,0.359,0.793,0.679,0.112
46,ipystata,1.677,1.402,0.198,1.712,1.503,0.196,0.806,0.678,0.126
47,elm_kernel,12.177,10.477,0.918,1.502,1.353,0.114,1.314,1.194,0.115
48,vaex-hdf5,13.466,11.789,1.209,1.103,0.943,0.129,0.899,0.812,0.084
49,pylcs,1.633,1.393,0.212,1.54,1.33,0.178,1.578,1.407,0.159
50,aicsfeature,37.519,34.026,5.857,4.983,6.189,3.099,4.66,6.102,3.018
51,dash-table-experiments,1.787,1.493,0.186,1.695,1.396,0.25,0.728,0.656,0.068
52,pymarkdown,1.82,1.526,0.2,1.659,1.44,0.203,0.713,0.635,0.075
53,autopy,1.379,1.073,0.156,1.371,1.157,0.158,0.692,0.609,0.079
54,lsanomaly,9.086,7.895,0.898,1.687,1.424,0.249,0.806,0.72,0.083
55,uber-rides,2.163,1.804,0.183,0.948,0.825,0.097,0.821,0.708,0.11
56,torchani,34.813,23.656,4.309,1.433,1.218,0.16,0.763,0.658,0.101
57,sphinxjp.themes.solarized,7.501,6.322,0.709,1.896,1.663,0.198,0.907,0.821,0.083
58,azure-cli-telemetry,1.104,0.916,0.115,0.86,0.698,0.13,0.803,0.702,0.096
59,snowflake-connector-python,8.585,7.695,0.503,2.086,1.806,0.237,0.99,0.899,0.087
60,qsymm,5.085,4.347,0.576,2.639,2.246,0.292,2.473,2.167,0.256
61,labml_helpers,31.33,23.591,4.004,0.948,0.801,0.118,0.817,0.735,0.08
62,ufal.morphodita,0.987,0.785,0.106,0.926,0.764,0.108,0.814,0.72,0.092
63,webp,4.3,3.82,0.372,0.927,0.78,0.108,0.748,0.641,0.104
64,wave,1.623,1.406,0.201,1.592,1.384,0.185,0.768,0.673,0.093
65,pyteaser,4.902,4.181,0.585,4.549,3.902,0.557,4.73,4.129,0.535
66,gtar,3.178,2.687,0.333,1.068,0.881,0.119,0.747,0.66,0.085
67,scp,3.073,2.683,0.263,0.929,0.785,0.114,0.803,0.7,0.1
68,html2json,3.875,3.345,0.425,1.58,1.358,0.185,0.784,0.667,0.113
69,multimethodic,1.446,1.229,0.182,1.41,1.22,0.158,0.721,0.643,0.074
70,catkin,0.746,0.629,0.092,0.815,0.7,0.106,0.798,0.694,0.095
71,portfoliotools,29.631,26.093,2.577,1.965,1.719,0.213,1.0,0.933,0.063
72,pgeocode,7.453,6.736,0.555,0.981,0.832,0.122,0.778,0.65,0.125
73,dlisio,3.538,3.092,0.324,1.215,1.067,0.082,0.835,0.737,0.097
74,fn,1.596,1.4,0.175,1.639,1.392,0.184,0.793,0.682,0.107
75,flask-talisman,1.005,0.835,0.133,0.934,0.817,0.091,0.787,0.692,0.093
76,makey,0.814,0.711,0.079,0.777,0.652,0.114,0.731,0.647,0.075
77,onnx-tf,5.832,4.883,0.626,1.119,0.931,0.16,0.723,0.632,0.087
78,pandarallel,1.819,1.598,0.176,1.561,1.349,0.201,0.639,0.526,0.109
79,rosmsg,0.732,0.595,0.085,0.636,0.527,0.097,0.771,0.654,0.091
80,nb2pdf,12.806,10.547,0.872,1.42,1.238,0.156,1.127,1.036,0.079
81,seabird,3.611,3.134,0.31,0.916,0.782,0.088,0.846,0.768,0.075
82,suitcase-tiff,5.247,4.571,0.426,1.091,0.959,0.087,0.877,0.775,0.095
83,mdtraj,6.716,5.97,0.591,1.307,1.099,0.162,0.819,0.672,0.144
84,regional,9.393,8.336,0.841,1.634,1.432,0.19,0.785,0.668,0.114
85,pyls,0.921,0.779,0.102,0.835,0.727,0.082,0.792,0.694,0.095
86,purplex,1.698,1.406,0.235,1.651,1.492,0.141,0.763,0.697,0.063
87,dubins,1.501,1.272,0.197,1.508,1.235,0.243,1.503,1.286,0.199
88,scipy.io,0.835,0.674,0.111,0.766,0.661,0.096,0.663,0.562,0.092
89,bondpy,0.932,0.772,0.111,0.857,0.733,0.1,0.769,0.696,0.071
90,dendropy,3.09,2.662,0.394,3.13,2.702,0.409,0.788,0.651,0.127
91,genlisp,0.81,0.659,0.093,0.734,0.62,0.086,0.785,0.687,0.089
92,pyopenms,4.976,3.838,0.589,2.297,1.879,0.374,0.774,0.693,0.079
93,pytorch-pretrained-biggan,35.185,26.552,4.306,1.022,0.873,0.122,0.885,0.767,0.115
94,python-xapp,0.813,0.687,0.1,0.754,0.658,0.087,0.79,0.712,0.07
95,mdit-py-plugins,1.464,1.213,0.148,1.043,0.915,0.084,0.764,0.638,0.124
96,pyelectrica,8.554,7.59,0.709,0.929,0.817,0.063,0.831,0.721,0.107
97,joint-state-publisher-gui,0.813,0.641,0.087,0.723,0.612,0.102,0.628,0.539,0.081
98,multicoretsne,4.353,3.783,0.43,1.612,1.446,0.153,1.659,1.46,0.184
99,azure-cosmos,2.198,1.812,0.22,1.08,0.972,0.074,0.807,0.697,0.105
100,rqt-py-console,0.801,0.621,0.128,0.73,0.616,0.101,0.755,0.639,0.108
101,flit,2.647,2.115,0.244,1.028,0.872,0.112,0.827,0.743,0.081
102,stable_baselines,16.475,14.818,1.364,1.241,1.042,0.141,0.794,0.707,0.084
103,cachy,0.876,0.753,0.098,0.899,0.774,0.101,0.762,0.649,0.11
104,rostest,0.765,0.606,0.111,0.769,0.653,0.107,0.755,0.648,0.078
105,hicmatrix,11.382,9.996,1.052,4.727,4.18,0.454,4.509,4.027,0.371
106,astropy-healpix,5.483,4.836,0.45,1.061,0.871,0.121,0.847,0.711,0.133
107,rqt-robot-dashboard,0.745,0.615,0.082,0.642,0.557,0.075,0.779,0.679,0.091
108,hone,0.895,0.741,0.108,0.841,0.732,0.083,0.819,0.715,0.099
109,goose3,9.23,8.103,0.774,1.113,0.994,0.091,0.936,0.83,0.102
110,dynamic-reconfigure,0.821,0.673,0.094,0.692,0.61,0.072,0.697,0.609,0.079
111,noisyopt,5.849,5.246,0.519,0.887,0.777,0.086,0.775,0.697,0.075
112,farm-haystack,77.765,63.367,7.088,3.213,2.917,0.246,2.165,2.053,0.108
113,pseudonetcdf,10.379,9.274,0.898,1.953,1.682,0.265,0.833,0.714,0.112
114,omicsone,0.815,0.688,0.1,0.721,0.6,0.112,0.796,0.68,0.106
115,azure-mgmt-managedservices,2.716,2.277,0.238,1.099,0.937,0.114,0.781,0.701,0.078
116,azure-identity,3.835,3.392,0.218,1.106,0.978,0.101,0.877,0.796,0.08
117,spectral_cube,10.521,9.147,0.746,1.242,1.076,0.117,0.927,0.816,0.108
118,modulegraph,0.961,0.756,0.127,0.944,0.78,0.138,0.752,0.677,0.072
119,rqt-tf-tree,0.799,0.685,0.065,0.742,0.629,0.105,0.702,0.597,0.098
120,audio.wave,3.582,3.087,0.406,3.604,3.073,0.488,3.886,3.351,0.486
121,pyats,15.461,13.4,1.088,2.013,1.561,0.087,1.193,1.099,0.092
122,eo-learn-geometry,27.279,25.157,4.729,1.44,1.303,0.09,1.334,1.208,0.123
123,pywrangle,5.756,5.09,0.528,2.958,2.562,0.352,2.932,2.576,0.321
124,mgwr,12.827,11.57,0.956,1.763,1.492,0.23,0.905,0.802,0.1
125,django-storages,3.673,3.037,0.47,0.968,0.842,0.098,0.786,0.715,0.068
126,prettytensor,1.272,0.98,0.124,1.076,0.913,0.113,0.78,0.682,0.094
127,airtable,1.818,1.477,0.213,0.932,0.807,0.1,0.826,0.74,0.083
128,hiveplot,6.246,5.368,0.399,0.95,0.805,0.118,0.8,0.718,0.078
129,autogluon,60.209,44.755,10.714,60.663,45.45,10.927,57.963,44.91,10.478
130,hadar,19.062,16.345,1.991,1.033,0.877,0.109,0.809,0.699,0.108
131,diffpy-structure,2.564,1.949,0.307,2.281,1.96,0.264,2.2,1.886,0.284
132,munkres3,1.617,1.413,0.169,1.567,1.374,0.155,0.8,0.706,0.091
133,pdvega,11.226,9.992,0.886,1.767,1.532,0.202,0.89,0.78,0.107
134,regtools,17.434,21.6,9.091,16.5,20.315,8.735,16.564,20.837,8.73
135,spotlight,0.97,0.796,0.084,0.952,0.776,0.129,0.805,0.738,0.058
136,pelican-neighbors,4.453,3.825,0.404,0.9,0.734,0.119,0.85,0.734,0.112
137,patch,1.458,1.26,0.161,1.592,1.363,0.216,0.779,0.695,0.081
138,rosserial-python,0.84,0.656,0.071,0.735,0.612,0.11,0.74,0.62,0.112
139,radon,2.384,2.026,0.307,0.86,0.687,0.118,0.74,0.654,0.083
140,sage-explorer,15.916,13.445,1.347,2.746,2.356,0.408,2.829,2.482,0.308
141,httplib2shim,2.274,1.922,0.259,1.555,1.321,0.221,0.77,0.688,0.08
142,genie.harness,2.999,2.117,0.237,1.315,1.128,0.146,0.823,0.755,0.065
143,reprozip,2.515,2.025,0.17,1.087,0.933,0.112,0.839,0.756,0.081
144,azureml-dataprep,7.14,5.768,0.738,2.119,1.786,0.297,0.942,0.883,0.056
145,smach-ros,0.84,0.713,0.066,0.77,0.695,0.068,0.779,0.644,0.121
146,nfw,8.61,7.382,0.7,0.975,0.832,0.121,0.854,0.775,0.076
147,countrygroups,1.037,0.739,0.138,0.908,0.744,0.118,0.79,0.718,0.069
148,azure-mgmt-rdbms,3.022,2.497,0.293,1.499,1.33,0.135,0.757,0.672,0.081
149,systems,1.115,0.92,0.093,0.982,0.828,0.107,0.761,0.657,0.101
150,jupyter_drawing_pad,14.518,12.535,1.256,2.165,1.931,0.194,1.216,1.144,0.068
151,ipydex,15.59,13.033,2.005,2.44,2.068,0.263,0.86,0.773,0.082
152,pyhht,8.355,7.467,0.686,0.946,0.79,0.113,0.81,0.703,0.105
153,tryalgo,1.776,1.352,0.198,1.564,1.329,0.216,0.766,0.661,0.091
154,validate-email,1.618,1.404,0.196,1.649,1.416,0.22,0.778,0.676,0.099
155,pyrmt,14.987,13.416,1.314,1.631,1.421,0.198,0.822,0.737,0.082
156,jupyter-pytest,13.133,11.138,0.9,1.431,1.287,0.105,1.341,1.24,0.098
157,cudf,1.446,1.232,0.179,1.511,1.318,0.159,1.4,1.208,0.177
158,neo,5.432,4.739,0.584,2.264,1.972,0.288,0.77,0.682,0.071
159,pymcubes,0.95,0.805,0.093,0.943,0.806,0.098,0.653,0.572,0.077
160,azure-mgmt-privatedns,2.604,2.215,0.208,1.058,0.913,0.112,0.894,0.812,0.079
161,publish,6.053,5.02,0.485,1.084,0.983,0.071,1.0,0.884,0.114
162,itikz,0.923,0.749,0.11,0.896,0.767,0.103,0.707,0.613,0.091
163,labml,3.858,3.384,0.343,1.116,0.989,0.098,0.821,0.688,0.131
164,pipdate,2.34,2.01,0.18,0.974,0.83,0.108,0.858,0.755,0.101
165,python-pmap,5.394,4.593,0.459,1.837,1.599,0.204,0.903,0.796,0.102
166,pytest-json,3.454,3.028,0.237,1.771,1.579,0.18,0.813,0.717,0.09
167,azure-mgmt-search,2.81,2.363,0.24,1.082,0.911,0.12,0.883,0.785,0.095
168,pypif-sdk,6.832,5.88,0.701,1.727,1.508,0.187,0.846,0.743,0.1
169,pysmt,1.254,1.066,0.116,1.168,1.001,0.118,0.736,0.631,0.102
170,update-copyright,1.54,1.309,0.201,1.576,1.364,0.181,0.757,0.654,0.099
171,httpie,2.678,2.3,0.227,1.031,0.892,0.088,0.83,0.732,0.096
172,azure-mgmt-containerinstance,2.753,2.293,0.169,1.054,0.919,0.092,0.893,0.803,0.086
173,cached_property,0.9,0.78,0.097,0.899,0.78,0.095,0.685,0.599,0.084
174,impyla,3.513,3.052,0.399,1.732,1.453,0.199,1.788,1.507,0.257
175,cpickle,0.848,0.661,0.133,0.782,0.681,0.091,0.758,0.625,0.106
176,knack,2.361,2.018,0.19,1.08,0.937,0.11,0.857,0.776,0.078
177,rosservice,0.79,0.638,0.103,0.734,0.609,0.086,0.782,0.675,0.099
178,human-learn,16.53,14.769,1.507,1.039,0.879,0.108,0.879,0.774,0.102
179,django-chartjs,0.934,0.741,0.142,0.908,0.789,0.086,0.782,0.681,0.097
180,aot-client,1.617,1.37,0.129,0.878,0.763,0.091,0.802,0.717,0.083
181,clean-text,2.017,1.74,0.197,0.919,0.773,0.111,0.833,0.731,0.087
182,bcdata,16.022,14.171,1.342,1.194,1.061,0.09,0.945,0.83,0.112
183,flask-marshmallow,2.786,2.449,0.156,1.11,0.964,0.12,0.901,0.803,0.094
184,rosmake,0.831,0.704,0.073,0.738,0.648,0.081,0.763,0.672,0.083
185,knmi-py,7.537,6.817,0.524,1.012,0.887,0.076,0.782,0.703,0.073
186,gdal2tiles,247.722,222.58100000000002,47.143,246.209,221.73,46.495,0.782,0.67,0.109
187,pygel3d,9.764,8.127,1.368,1.086,0.903,0.14,0.764,0.647,0.114
188,mujoco-py,11.802,12.015,3.626,11.159,11.86,3.692,11.038,11.644,3.785
189,naked,2.105,1.797,0.179,1.027,0.896,0.081,0.8,0.727,0.069
190,python-googlegeocoder,1.001,0.808,0.119,0.88,0.763,0.091,0.76,0.672,0.084
191,aiorpcx,1.002,0.801,0.111,1.006,0.886,0.091,0.754,0.636,0.11
192,falcon,1.492,1.282,0.17,1.475,1.256,0.182,0.632,0.529,0.099
193,geneus,0.814,0.688,0.075,0.693,0.616,0.069,0.696,0.617,0.071
194,grass-session,0.999,0.775,0.112,0.928,0.788,0.115,0.774,0.682,0.089
195,parsons,33.477,29.23,2.57,2.262,2.073,0.147,1.84,1.769,0.068
196,imagemagick,0.749,0.606,0.088,0.755,0.652,0.096,0.793,0.696,0.089
197,pandas_htools,15.145,13.275,1.284,1.92,1.712,0.188,0.996,0.902,0.09
198,sklearn-deap2,9.166,8.176,0.785,1.672,1.467,0.192,0.841,0.761,0.077
199,jupyter-nbutils,16.524,14.237,1.451,1.482,1.303,0.106,1.344,1.237,0.105
200,carto,4.489,3.651,0.487,0.912,0.774,0.106,0.777,0.69,0.084
201,magpysv,31.483,26.815,2.391,2.433,2.237,0.173,1.472,1.345,0.124
202,azureml-mlflow,14.6,12.852,0.874,1.475,1.343,0.104,1.297,1.18,0.113
203,biased-stop-words,1.901,1.601,0.205,1.494,1.349,0.131,0.791,0.693,0.095
204,flask-mail,3.803,3.337,0.322,1.7,1.499,0.187,0.887,0.758,0.127
205,pttlibrary,3.827,3.13,0.367,1.77,1.5,0.195,0.833,0.743,0.087
206,weblogo,6.097,5.388,0.586,1.047,0.921,0.092,0.77,0.678,0.088
207,iniparse,0.986,0.84,0.096,0.897,0.737,0.135,0.767,0.673,0.091
208,genie.libs.ops,2.325,1.891,0.329,2.309,1.907,0.337,0.734,0.645,0.083
209,aghast,3.098,2.697,0.288,1.013,0.851,0.119,0.802,0.695,0.104
210,dask_labextension,26.681,22.88,2.192,1.843,1.704,0.102,1.653,1.562,0.088
211,contexttimer,1.525,1.352,0.159,1.589,1.383,0.185,0.669,0.578,0.088
212,mantichora,0.998,0.763,0.117,0.909,0.774,0.093,0.816,0.723,0.091
213,mshr,0.801,0.64,0.109,0.649,0.546,0.096,0.666,0.575,0.077
214,chromedriver_binary,2.056,1.625,0.253,1.873,1.54,0.286,0.779,0.689,0.085
215,uproot3-methods,3.337,2.88,0.331,0.98,0.829,0.103,0.783,0.698,0.083
216,swaggerpy,2.677,2.32,0.257,1.618,1.398,0.187,0.805,0.696,0.106
217,crochet,4.768,4.213,0.413,1.163,1.017,0.099,0.981,0.892,0.085
218,pandare,12.469,7.873,1.818,8.258,6.649,1.627,0.824,0.737,0.078
219,csaps,6.11,5.421,0.558,0.996,0.834,0.101,0.7,0.598,0.099
220,modelvis,15.322,13.882,1.152,1.233,0.892,0.136,0.956,0.878,0.073
221,azure-mgmt-devtestlabs,2.861,2.405,0.224,1.26,1.075,0.155,0.906,0.796,0.107
222,optuna,11.518,10.299,0.794,1.53,1.366,0.131,1.075,0.97,0.101
223,autobahn,3.086,2.74,0.23,1.494,1.336,0.122,0.956,0.87,0.083
224,pyrfr,1.009,0.818,0.132,1.141,0.968,0.135,0.71,0.629,0.077
225,db-sqlite3,3.104,2.688,0.294,1.659,1.414,0.195,0.744,0.631,0.106
226,pymars,9.488,8.323,0.748,2.78,2.475,0.266,0.896,0.799,0.091
227,weaviate-client,2.22,1.816,0.239,0.936,0.771,0.122,0.775,0.686,0.087
228,azureml-core,11.1,9.788,0.674,2.789,2.453,0.299,1.176,1.097,0.076
229,castep-parse,8.274,7.507,0.512,1.143,0.999,0.097,0.941,0.84,0.097
230,monty,1.063,0.932,0.087,0.973,0.869,0.075,0.786,0.692,0.09
231,paver,1.087,0.886,0.132,0.977,0.803,0.122,0.777,0.702,0.071
232,ipysigma,12.176,10.534,0.918,1.615,1.396,0.105,1.179,1.086,0.091
233,aicspylibczi,3.282,2.892,0.268,1.066,0.92,0.113,0.841,0.749,0.089
234,azure-mgmt-containerservice,3.72,3.209,0.3,2.098,1.897,0.163,0.889,0.807,0.078
235,wikitables,2.081,1.702,0.181,0.906,0.777,0.1,0.849,0.767,0.079
236,svn,1.987,1.703,0.214,1.555,1.362,0.181,0.744,0.659,0.083
237,gutenberg,12.561,9.664,1.656,10.183,8.63,1.449,0.79,0.674,0.113
238,django-bootstrap-form,4.087,3.438,0.512,1.619,1.359,0.227,0.774,0.715,0.056
239,essentia,3.75,3.289,0.354,1.431,1.185,0.193,0.727,0.638,0.086
240,td-watson,3.563,3.032,0.29,1.079,0.931,0.117,0.899,0.814,0.081
241,nara-wpe,7.52,9.203,5.278,7.294,9.233,5.139,7.334,9.995,6.286
242,metaknowledge,2.079,1.783,0.209,1.146,0.903,0.107,0.802,0.701,0.098
243,dataparcel,6.896,6.218,0.549,1.566,1.366,0.172,0.788,0.697,0.089
244,clikit,1.187,0.961,0.144,1.025,0.866,0.112,0.809,0.697,0.11
245,rasa-core,49.128,43.276,4.064,3.916,2.268,0.13,2.011,1.891,0.115
246,nteract_on_jupyter,14.788,12.534,1.57,4.788,4.039,0.741,1.224,1.115,0.106
247,lsqfit,7.558,8.222,3.271,2.171,3.533,2.943,2.156,3.303,2.704
248,awesome-slugify,2.727,2.346,0.307,1.542,1.313,0.217,0.792,0.692,0.096
249,pyats.topology,12.504,10.904,1.044,1.423,1.268,0.107,0.972,0.868,0.101
250,django-rest-framework,4.421,3.788,0.504,1.621,1.44,0.168,0.744,0.676,0.065
251,keras_preprocessing,3.078,2.75,0.269,0.931,0.81,0.096,0.705,0.607,0.096
252,graphistry,8.841,7.929,0.661,1.064,0.914,0.102,0.936,0.856,0.076
253,azure-mgmt-resource,4.379,3.775,0.387,2.694,2.384,0.269,0.912,0.833,0.074
254,scrapy_fake_useragent,2.849,2.398,0.336,0.963,0.816,0.105,0.807,0.733,0.071
255,pywren-ibm-cloud,26.039,23.235,1.939,1.579,1.404,0.116,1.191,1.079,0.109
256,mpltools,8.487,7.472,0.846,1.632,1.444,0.175,0.818,0.709,0.106
257,glue-vispy-viewers,13.024,13.991,5.037,12.167,13.744,5.453,12.267,13.738,5.508
258,opencensus-context,1.853,1.61,0.204,0.952,0.785,0.121,0.777,0.706,0.067
259,document-polluter,1.879,1.589,0.223,1.457,1.23,0.193,0.721,0.62,0.098
260,azure-mgmt-containerregistry,3.029,2.576,0.24,1.559,1.364,0.136,0.751,0.654,0.094
261,ipyvue,12.123,10.388,0.865,1.553,1.363,0.139,1.287,1.188,0.095
262,pyensae,13.112,11.717,1.125,2.374,2.055,0.302,0.897,0.797,0.098
263,neuropythy,18.801,16.281,1.595,3.002,2.628,0.34,0.974,0.865,0.107
264,omfvista,16.486,13.738,1.695,1.793,1.548,0.232,0.878,0.797,0.078
265,jsonref,0.879,0.75,0.103,0.871,0.756,0.087,0.752,0.685,0.063
266,sklearn-crfsuite,1.539,1.316,0.127,0.906,0.758,0.102,0.818,0.744,0.072
267,csscompressor,1.54,1.345,0.155,1.549,1.316,0.168,0.741,0.607,0.132
268,pyats.results,1.01,0.836,0.113,1.076,0.923,0.12,0.751,0.674,0.074
269,graphriccicurvature,15.761,16.53,7.181,15.092,16.965,7.504,14.74,16.75,6.986
270,phoenixaes,0.893,0.764,0.084,0.866,0.745,0.076,0.775,0.688,0.085
271,caproto,1.46,1.246,0.125,1.314,1.132,0.129,0.83,0.727,0.099
272,mxnet_mkl,7.744,6.114,0.889,4.078,3.429,0.611,0.847,0.734,0.108
273,azureml-train,11.536,9.978,0.76,1.463,1.279,0.132,1.255,1.116,0.136
274,azure-graphrbac,4.086,3.515,0.286,1.057,0.919,0.106,0.935,0.828,0.096
275,service_identity,3.104,2.752,0.225,0.949,0.82,0.103,0.763,0.683,0.076
276,databroker,18.484,15.656,1.376,1.565,1.427,0.104,1.271,1.14,0.128
277,gmsh,12.278,6.106,1.524,12.49,5.947,1.422,0.77,0.654,0.114
278,xmlrunner,1.746,1.465,0.223,1.598,1.405,0.18,0.799,0.714,0.081
279,marshmallow-sqlalchemy,3.253,2.936,0.207,1.0,0.875,0.095,0.94,0.84,0.094
280,aics-dask-utils,5.663,4.983,0.328,1.183,1.035,0.124,0.812,0.687,0.122
281,screen-resolution-extra,0.75,0.609,0.082,0.765,0.657,0.099,0.798,0.703,0.087
282,zope.lifecycleevent,1.448,1.243,0.13,0.926,0.778,0.121,0.839,0.735,0.101
283,backtrader-plotting,13.487,11.687,1.388,1.103,0.95,0.098,0.846,0.754,0.089
284,geojsoncontour,9.693,8.764,0.682,0.979,0.861,0.094,0.857,0.769,0.08
285,ci-info,0.917,0.784,0.092,0.933,0.794,0.097,0.788,0.695,0.092
286,azure-mgmt-datamigration,2.595,2.188,0.21,1.097,0.968,0.098,0.816,0.735,0.077
287,django-pandas,6.474,5.858,0.501,0.906,0.753,0.111,0.806,0.674,0.129
288,tablib,0.98,0.833,0.104,0.959,0.805,0.102,0.852,0.745,0.103
289,code4th-datasource-air4thai,0.914,0.792,0.073,0.91,0.759,0.109,0.784,0.685,0.087
290,pyts,11.274,10.204,0.928,1.158,0.984,0.136,0.87,0.791,0.075
291,authlib,2.503,2.234,0.189,1.084,0.903,0.127,0.795,0.708,0.084
292,ml_metrics,7.55,6.926,0.535,1.916,1.689,0.193,0.815,0.744,0.068
293,rqt-reconfigure,0.833,0.704,0.077,0.791,0.658,0.106,0.766,0.658,0.1
294,azure-mgmt-cognitiveservices,2.806,2.374,0.215,1.035,0.916,0.086,0.824,0.732,0.084
295,ctrnn,6.533,5.819,0.646,1.622,1.411,0.182,0.766,0.684,0.078
296,giotto-tda-nightly,26.628,22.604,2.441,1.69,1.543,0.116,1.329,1.239,0.088
297,python-memcached,0.964,0.805,0.123,0.936,0.781,0.107,0.766,0.657,0.106
298,algorithmia,2.469,2.04,0.194,1.112,0.982,0.095,0.979,0.847,0.108
299,pyplotz,1.549,1.313,0.163,1.52,1.279,0.208,0.796,0.716,0.076
300,shell-functools,1.637,1.4,0.203,1.611,1.358,0.218,0.775,0.695,0.077
301,normality,1.304,1.077,0.115,0.949,0.758,0.134,0.813,0.719,0.091
302,apptools,7.759,6.515,1.142,2.034,1.722,0.272,0.922,0.829,0.09
303,azure-mgmt-botservice,2.697,2.276,0.209,1.007,0.886,0.092,0.746,0.651,0.091
304,scraperwiki,4.889,4.228,0.412,1.792,1.55,0.208,0.968,0.848,0.117
305,azureml-telemetry,11.69,10.051,0.736,1.461,1.321,0.096,1.056,0.953,0.1
306,gstools,7.698,6.733,0.57,1.38,1.174,0.144,0.919,0.818,0.098
307,jdc,0.928,0.717,0.08,0.897,0.765,0.107,0.718,0.606,0.11
308,widgets,0.737,0.614,0.097,0.761,0.67,0.083,0.786,0.676,0.1
309,multiprocessing,1.936,1.622,0.254,1.975,1.65,0.281,1.9,1.619,0.236
310,pdf-diff,3.069,2.615,0.312,1.507,1.318,0.172,1.587,1.354,0.217
311,rqt-msg,0.834,0.701,0.078,0.76,0.652,0.1,0.644,0.548,0.087
312,root-numpy,12.124,10.001,1.492,11.296,9.493,1.593,10.874,9.123,1.642
313,genie.telemetry,13.419,11.271,1.342,1.292,1.157,0.075,1.034,0.959,0.072
314,vitables,7.182,6.19,0.83,1.18,0.965,0.159,0.737,0.65,0.084
315,fitlins,26.354,23.384,1.915,1.541,1.369,0.108,1.32,1.209,0.107
316,freesasa,3.327,2.812,0.379,2.947,2.616,0.298,2.899,2.549,0.325
317,socketio-client,2.826,2.434,0.277,1.646,1.475,0.16,0.721,0.605,0.113
318,github3-py,4.697,4.081,0.409,1.213,1.044,0.115,0.903,0.824,0.074
319,gazebo-plugins,0.789,0.648,0.074,0.793,0.664,0.104,0.647,0.523,0.112
320,lscsoft-glue,5.985,5.242,0.433,2.27,1.968,0.227,2.226,1.83,0.344
321,ode,3.375,2.975,0.339,0.89,0.778,0.088,0.778,0.707,0.068
322,nestle,1.414,1.196,0.148,1.596,1.402,0.177,0.783,0.69,0.08
323,unicodedata2,0.984,0.781,0.148,1.006,0.879,0.088,0.783,0.702,0.077
324,pycroscopy,24.317,21.103,1.912,6.473,5.658,0.605,6.643,5.932,0.579
325,en-core-web-lg,0.773,0.622,0.096,0.763,0.647,0.108,0.759,0.619,0.113
326,blas,0.793,0.645,0.099,0.803,0.685,0.09,0.734,0.643,0.083
327,neptune-client,15.531,13.359,1.183,2.542,2.267,0.254,1.025,0.943,0.078
328,autopew,15.518,14.026,1.065,1.201,1.08,0.069,1.011,0.911,0.09
329,turtle,2.488,2.006,0.251,1.957,1.67,0.274,0.777,0.677,0.095
330,topic-tools,0.672,0.528,0.098,0.771,0.68,0.082,0.769,0.696,0.064
331,poetry,7.007,5.797,0.379,1.526,1.417,0.077,1.114,1.01,0.1
332,bluesky,6.289,5.453,0.51,1.25,1.048,0.108,0.865,0.79,0.072
333,xvfbwrapper,1.55,1.334,0.182,1.605,1.364,0.23,0.737,0.656,0.078
334,attackcti,4.051,3.493,0.374,1.021,0.911,0.084,0.913,0.803,0.107
335,cobras-ts,17.684,15.942,1.42,0.997,0.837,0.124,0.876,0.808,0.065
336,pandas-compat,6.66,6.085,0.468,0.921,0.77,0.107,0.817,0.702,0.113
337,hyperjet,3.256,2.779,0.341,1.06,0.904,0.098,0.703,0.629,0.071
338,rqt-publisher,0.734,0.594,0.089,0.799,0.66,0.112,0.776,0.678,0.088
339,azureml-explain-model,22.387,23.056,6.829,4.341,6.461,4.643,4.133,7.172,5.872
340,azure-cognitiveservices-vision-computervision,2.219,1.815,0.215,0.973,0.814,0.131,0.809,0.709,0.097
341,bintrees,1.614,1.439,0.136,1.475,1.287,0.173,0.765,0.664,0.099
342,sklearn2pmml,12.77,11.175,1.32,2.098,1.82,0.232,0.86,0.762,0.096
343,etudier,9.382,7.772,0.904,2.968,2.56,0.366,0.929,0.858,0.067
344,sqlite_utils,2.512,2.241,0.169,1.039,0.902,0.105,0.69,0.615,0.073
345,jupyterlab-quickopen,16.026,13.597,1.143,1.541,1.386,0.098,1.456,1.347,0.105
346,pyforest,1.77,1.505,0.234,1.749,1.534,0.195,0.707,0.601,0.103
347,webbpsf,31.56,25.539,2.696,5.919,5.22,0.611,1.0,0.894,0.103
348,requirements-detector,3.423,2.913,0.36,1.583,1.37,0.197,0.757,0.655,0.1
349,django-taggit,3.767,3.203,0.376,0.955,0.814,0.094,0.823,0.709,0.111
350,mongoquery,1.708,1.514,0.152,1.518,1.368,0.125,0.763,0.693,0.067
351,benfordslaw,12.749,11.42,0.969,0.939,0.798,0.116,0.829,0.746,0.073
352,builtwith,1.802,1.507,0.199,1.518,1.309,0.193,0.763,0.677,0.083
353,jupyter_latex_envs,12.178,10.54,0.946,2.205,1.984,0.195,1.274,1.152,0.118
354,zope.component,1.842,1.646,0.113,1.104,0.97,0.103,0.784,0.682,0.091
355,mdx_video,2.226,1.891,0.232,1.611,1.414,0.183,0.847,0.748,0.095
356,apyori,1.762,1.51,0.177,1.657,1.399,0.198,0.76,0.682,0.076
357,cogapp,0.86,0.701,0.117,0.946,0.793,0.129,0.742,0.642,0.098
358,azure-mgmt-eventhub,2.716,2.214,0.257,1.187,1.06,0.094,0.862,0.777,0.08
359,gpiozero,1.185,0.962,0.138,1.096,0.944,0.096,0.817,0.727,0.087
360,tmuxp,2.81,2.288,0.269,0.993,0.893,0.075,0.788,0.669,0.116
361,anchor-exp,24.121,19.962,1.841,2.24,2.017,0.199,1.265,1.168,0.094
362,nnfigs,1.609,1.354,0.17,1.628,1.457,0.157,0.767,0.66,0.103
363,deeppavlov,26.558,23.634,2.129,1.83,1.629,0.148,1.144,1.07,0.071
364,dbutils,0.864,0.732,0.087,0.938,0.773,0.119,0.745,0.658,0.084
365,svdrec,6.568,5.785,0.684,1.596,1.41,0.175,0.764,0.686,0.075
366,vecto,19.76,17.455,1.258,1.357,1.2,0.104,1.108,1.019,0.086
367,rqt-nav-view,0.771,0.632,0.092,0.706,0.61,0.088,0.786,0.684,0.094
368,rospy,0.72,0.581,0.087,0.803,0.674,0.119,0.796,0.696,0.072
369,amazon-braket-pennylane-plugin,0.736,0.624,0.082,0.791,0.701,0.083,0.773,0.692,0.072
370,resources,1.547,1.294,0.204,1.522,1.365,0.146,0.731,0.669,0.06
371,geatpy,10.581,8.907,0.871,1.762,1.498,0.211,0.826,0.728,0.095
372,plumber,1.776,1.555,0.187,1.665,1.426,0.227,0.796,0.71,0.083
373,baytune,13.964,12.477,1.092,1.953,1.052,0.135,0.945,0.852,0.089
374,wilson,13.784,12.065,1.504,3.3,2.653,0.62,0.842,0.73,0.11
375,tensorflow_hub,3.622,3.257,0.29,0.978,0.85,0.099,0.772,0.699,0.071
376,genmsg,0.874,0.676,0.115,0.758,0.656,0.084,0.777,0.65,0.119
377,imagej,0.9,0.738,0.091,0.853,0.713,0.115,0.779,0.693,0.083
378,pyats.aereport,8.761,7.58,0.69,1.532,1.306,0.172,0.941,0.858,0.081
379,automatminer,35.761,34.329,8.344,6.389,9.274,5.971,6.119,8.766,6.217
380,zipfile36,0.843,0.709,0.093,0.943,0.798,0.098,0.753,0.68,0.067
381,camera-calibration-parsers,0.795,0.645,0.096,0.755,0.634,0.082,0.766,0.685,0.072
382,neuraxle_tensorflow,15.456,13.714,1.252,2.466,2.154,0.26,0.967,0.871,0.091
383,sensor-msgs,0.754,0.612,0.091,0.751,0.663,0.08,0.765,0.647,0.109
384,rqt-logger-level,0.799,0.677,0.072,0.798,0.676,0.087,0.792,0.681,0.101
385,tdigest,4.559,4.001,0.437,3.707,3.224,0.453,3.752,3.266,0.463
386,l18n,2.202,1.905,0.24,1.642,1.452,0.175,0.795,0.693,0.099
387,elementpath,1.104,0.954,0.116,1.153,0.998,0.121,0.774,0.694,0.077
388,jupyter_flex,15.756,13.577,1.247,6.831,6.129,0.605,1.314,1.236,0.075
389,gseapy,24.112,21.554,1.61,1.255,1.076,0.114,0.974,0.909,0.062
390,roslint,0.82,0.662,0.105,0.723,0.642,0.072,0.698,0.586,0.104
391,lazr.uri,1.62,1.422,0.166,1.668,1.453,0.202,0.746,0.637,0.107
392,google_auth_oauthlib,2.945,2.569,0.19,1.0,0.874,0.096,0.824,0.735,0.087
393,base-local-planner,0.759,0.629,0.079,0.753,0.653,0.077,0.771,0.675,0.087
394,mathplotlib,0.752,0.62,0.071,0.745,0.625,0.097,0.75,0.636,0.106
395,dotmap,0.888,0.753,0.093,0.858,0.755,0.077,0.784,0.669,0.111
396,citrination_client,6.029,5.241,0.625,1.94,1.66,0.274,0.774,0.701,0.07
397,voeventdb.remote,7.305,6.476,0.584,1.7,1.496,0.189,0.85,0.758,0.088
398,citipy,1.721,1.412,0.188,1.561,1.282,0.233,0.753,0.65,0.099
399,azure-mgmt-iothubprovisioningservices,4.221,3.557,0.303,1.059,0.92,0.099,0.949,0.861,0.085
400,keras-transformer,12.068,10.656,1.22,1.665,1.456,0.189,0.812,0.682,0.126
401,cloud_sptheme,5.788,4.946,0.499,1.147,1.006,0.09,0.976,0.874,0.099
402,pacpy,6.987,6.106,0.731,1.615,1.363,0.208,0.763,0.685,0.076
403,bcolz,10.69,10.755,4.18,6.247,7.259,3.563,6.253,7.008,3.696
404,symbtools,29.037,26.865,5.847,3.177,6.3,5.664,0.714,0.621,0.09
405,rosclean,0.816,0.653,0.112,0.635,0.564,0.062,0.753,0.644,0.1
406,s34me,18.651,16.78,1.437,1.758,1.513,0.209,0.865,0.769,0.094
407,staty,1.58,1.313,0.194,1.677,1.466,0.2,0.672,0.593,0.076
408,minchin.pelican.plugins.image-process,5.233,4.492,0.377,1.092,0.946,0.103,0.884,0.747,0.135
409,deluge,7.993,7.085,0.425,1.691,1.466,0.16,1.04,0.95,0.087
410,reprounzip,2.381,1.948,0.239,1.012,0.892,0.087,0.833,0.725,0.104
411,eo-learn-coregistration,26.852,24.873,4.979,1.414,1.244,0.121,1.051,0.948,0.1
412,pims,4.19,3.622,0.479,1.664,1.448,0.185,0.832,0.728,0.101
413,mici,5.91,5.267,0.531,0.82,0.682,0.107,0.769,0.669,0.097
414,kgtk-lite,4.03,3.452,0.509,4.174,3.637,0.467,4.206,3.672,0.493
415,myturtle,6.49,5.858,0.468,1.634,1.389,0.195,0.818,0.721,0.094
416,wagtail,10.89,9.177,1.083,3.025,2.589,0.353,1.0,0.921,0.076
417,eo-learn-core,18.326,18.066,3.874,1.264,1.14,0.092,1.074,1.011,0.059
418,pylttb,4.783,4.102,0.568,2.574,2.203,0.341,0.804,0.724,0.076
419,ip2geotools,16.009,13.917,1.176,1.501,1.358,0.092,1.179,1.094,0.082
420,azure-mgmt-storage,3.715,3.242,0.29,2.016,1.785,0.195,0.905,0.814,0.087
421,rqt-robot-steering,0.755,0.622,0.078,0.716,0.587,0.12,0.776,0.656,0.11
422,pbx_gs_python_utils,12.576,11.097,0.8,1.5,1.055,0.12,0.971,0.863,0.105
423,azureml-train-automl-runtime,50.25,44.874,9.487,11.297,12.437,5.883,9.835,11.989,5.838
424,javaproperties,0.934,0.801,0.109,0.947,0.78,0.121,0.785,0.689,0.093
425,chainercv,7.488,8.531,3.509,1.861,3.077,2.641,1.967,3.536,3.041
426,sphinxcontrib-paverutils,5.926,5.103,0.455,1.118,0.982,0.104,0.911,0.776,0.131
427,fdasrsf,17.989,21.487,9.685,17.895,20.976,8.839,17.998,21.38,9.707
428,gradescope-utils,0.923,0.792,0.087,0.909,0.779,0.088,0.765,0.648,0.115
429,databricks-cli,3.417,2.89,0.38,1.821,1.584,0.229,0.802,0.74,0.059
430,husl,1.577,1.342,0.191,1.649,1.386,0.226,0.791,0.716,0.073
431,mrcz,3.083,2.69,0.323,0.95,0.809,0.099,0.789,0.684,0.103
432,turtlebot3-teleop,0.817,0.684,0.078,0.773,0.672,0.092,0.787,0.675,0.088
433,chombopy,26.406,23.352,1.83,1.645,1.522,0.092,1.405,1.294,0.106
434,cupshelpers,0.8,0.69,0.094,0.708,0.612,0.087,0.77,0.637,0.115
435,scikits.datasmooth,1.38,1.146,0.196,1.352,1.142,0.176,1.315,1.143,0.156
436,rosbag,0.811,0.681,0.076,0.733,0.647,0.079,0.776,0.658,0.108
437,launchpadlib,6.939,6.113,0.587,1.831,1.609,0.199,0.952,0.865,0.083
438,fitbit,3.048,2.605,0.303,1.652,1.466,0.169,0.836,0.694,0.137
439,azureml-train-restclients-hyperdrive,4.187,3.688,0.243,1.029,0.897,0.107,0.876,0.793,0.081
440,pykep,16.399,14.228,1.435,1.495,1.257,0.201,0.901,0.799,0.099
441,officepy,2.704,2.343,0.242,1.755,1.457,0.266,0.772,0.682,0.087
442,audiomate,18.937,16.848,1.673,1.335,1.137,0.142,1.007,0.932,0.072
443,keras-self-attention,7.436,6.654,0.685,1.68,1.493,0.16,0.81,0.734,0.072
444,pyfluv,16.2,14.769,1.161,1.802,1.613,0.172,0.843,0.735,0.105
445,cbayes,26.083,22.809,1.984,2.319,2.054,0.227,1.364,1.27,0.083
446,readability,1.597,1.364,0.202,1.638,1.43,0.184,0.796,0.718,0.075
447,pybotics,6.448,5.783,0.576,0.919,0.762,0.117,0.822,0.762,0.057
448,freezegun,1.129,0.947,0.122,0.9,0.814,0.063,0.748,0.666,0.078
449,museval,13.779,12.087,1.315,1.122,0.972,0.105,0.938,0.864,0.072
450,widget_periodictable,12.254,10.401,0.95,1.428,1.269,0.104,1.287,1.203,0.079
451,genie,12.675,10.698,1.216,2.275,1.909,0.29,1.05,0.954,0.092
452,cs103,7.875,6.973,0.657,0.991,0.863,0.104,0.871,0.759,0.111
453,medpy,8.736,7.652,0.981,1.806,1.567,0.229,0.789,0.697,0.089
454,runway-python,12.951,11.371,0.946,1.328,1.164,0.12,1.075,0.989,0.083
455,db.py,8.891,7.975,0.755,1.017,0.842,0.137,0.832,0.763,0.065
456,keras-multi-head,8.446,7.521,0.806,1.693,1.498,0.183,0.763,0.654,0.103
457,darkdetect,0.905,0.77,0.081,0.924,0.787,0.092,0.767,0.696,0.069
458,python-google-places,1.735,1.536,0.158,1.645,1.431,0.201,0.736,0.663,0.07
459,keras_tqdm,7.252,6.538,0.532,0.943,0.813,0.084,0.827,0.717,0.107
460,radio_beam,8.556,7.766,0.677,0.956,0.845,0.08,1.081,0.748,0.114
461,phylopandas,10.566,9.401,0.936,1.107,0.924,0.1,0.867,0.79,0.073
462,pony,2.008,1.66,0.315,2.069,1.863,0.186,0.77,0.654,0.111
463,scikit-multiflow,15.158,13.392,1.123,1.319,1.124,0.163,0.891,0.801,0.088
464,datacode,24.219,26.688,9.103,23.219,26.512,9.502,23.074,26.793,9.778
465,skperopt,16.181,14.485,1.417,0.976,0.833,0.097,0.824,0.743,0.079
466,orange3,17.835,18.138,6.297,16.997,17.53,5.931,17.531,18.515,5.904
467,cadctap,5.779,5.002,0.525,1.179,0.933,0.1,0.931,0.81,0.118
468,wish,1.774,1.554,0.176,1.654,1.441,0.172,0.777,0.688,0.086
469,gpt2-estimator,41.648,25.088,3.137,1.203,1.072,0.102,1.043,0.953,0.089
470,textract,10.146,8.662,1.183,1.004,0.878,0.101,0.879,0.797,0.079
471,adafruit-io,4.492,3.818,0.571,2.696,2.302,0.372,0.817,0.704,0.111
472,kivy-garden,2.469,2.082,0.311,1.698,1.478,0.207,0.824,0.745,0.076
473,opencensus,5.238,4.587,0.357,1.167,0.982,0.155,0.872,0.789,0.081
474,pytorch-transformers,43.919,28.015,4.457,1.172,1.053,0.078,0.859,0.792,0.064
475,genie.abstract,1.203,0.978,0.107,0.984,0.851,0.079,0.78,0.687,0.089
476,setuptools-scm,0.975,0.853,0.097,0.975,0.832,0.118,0.773,0.695,0.075
477,genie.parsergen,1.608,1.163,0.171,1.19,1.007,0.15,0.779,0.682,0.094
478,azureml-defaults,25.6,21.787,1.921,1.57,1.43,0.115,1.6,1.505,0.092
479,statsmodels.api,0.719,0.592,0.078,0.743,0.646,0.089,0.771,0.677,0.085
480,cfscrape,1.642,1.37,0.174,0.916,0.783,0.107,0.84,0.716,0.121
481,theano-pymc,8.036,7.127,0.853,2.731,2.385,0.337,0.743,0.645,0.094
482,pyexcel-ods,2.28,1.935,0.253,0.845,0.707,0.111,0.807,0.712,0.093
483,pyshexc,5.197,4.465,0.376,0.987,0.865,0.091,0.862,0.78,0.078
484,pyusid,18.82,16.509,1.381,2.466,2.222,0.201,2.466,2.195,0.235
485,xhtml2pdf,6.416,5.451,0.644,1.941,1.674,0.231,0.795,0.692,0.099
486,laser-geometry,0.841,0.712,0.078,0.771,0.665,0.097,0.721,0.611,0.101
487,azureml-pipeline-core,11.636,10.232,0.732,1.606,1.418,0.143,1.18,1.07,0.107
488,meshparty,34.776,29.701,3.42,34.035,29.952,3.476,33.846,29.243,3.396
489,profilehooks,0.927,0.786,0.097,0.896,0.783,0.088,0.749,0.649,0.097
490,django_extensions,3.781,3.217,0.419,1.172,1.027,0.11,0.817,0.703,0.112
491,azure-mgmt-apimanagement,3.346,2.738,0.3,1.507,1.263,0.176,0.806,0.73,0.072
492,pypgrest,0.928,0.739,0.096,0.912,0.793,0.08,0.716,0.623,0.09
493,wxpy,5.601,4.792,0.629,1.767,1.514,0.241,0.684,0.591,0.09
494,dyneusr,22.178,19.628,1.702,1.411,1.273,0.093,1.151,1.041,0.107
495,rosboost-cfg,0.81,0.651,0.104,0.711,0.626,0.076,0.781,0.674,0.08
496,pyfunctional,1.154,0.997,0.087,0.982,0.821,0.111,0.792,0.686,0.102
497,azureml-contrib-dataset,21.718,19.297,1.58,1.583,1.448,0.099,1.409,1.286,0.12
498,console-progressbar,2.297,1.99,0.264,2.379,2.083,0.279,0.702,0.602,0.096
499,luigi,3.359,2.882,0.369,2.147,1.852,0.286,0.848,0.775,0.07
500,junit-xml,0.865,0.737,0.095,0.912,0.78,0.089,0.788,0.689,0.096
501,azure-mgmt-maps,2.679,2.286,0.211,1.074,0.906,0.121,0.918,0.811,0.105
502,openfisca-core,6.416,5.674,0.389,1.392,1.216,0.117,0.868,0.786,0.078
503,datasette-render-markdown,8.914,7.093,0.77,1.29,1.16,0.087,1.039,0.952,0.083
504,django-csp,3.563,2.979,0.383,0.952,0.83,0.095,0.838,0.743,0.092
505,knowledge-repo,21.86,18.786,1.919,2.37,2.014,0.342,1.168,1.091,0.075
506,azureml-train-automl-client,18.385,15.962,1.531,2.738,1.462,0.126,1.357,1.271,0.082
507,dotnetcore2,1.813,1.473,0.293,1.882,1.57,0.277,0.782,0.689,0.09
508,protobuf-to-dict,6.723,5.742,0.768,4.164,3.653,0.488,0.804,0.672,0.126
509,img2pdf,3.078,2.765,0.187,0.955,0.833,0.095,0.808,0.718,0.087
510,github3.py,4.298,3.749,0.312,1.175,1.046,0.095,0.876,0.779,0.095
511,jenkins,1.547,1.335,0.183,1.592,1.366,0.213,1.61,1.372,0.226
512,voevent-parse,7.36,6.469,0.675,1.636,1.402,0.215,0.855,0.737,0.115
513,tokenizer,0.98,0.837,0.094,0.97,0.821,0.118,0.804,0.693,0.109
514,nodeenv,0.931,0.805,0.101,0.917,0.787,0.097,0.775,0.672,0.101
515,perceptual,1.649,1.433,0.143,1.657,1.462,0.182,0.712,0.648,0.061
516,jupyter_tensorboard,12.339,10.377,0.89,2.265,2.041,0.205,1.271,1.164,0.103
517,webassets,1.017,0.853,0.116,0.844,0.717,0.075,0.752,0.651,0.098
518,odict,1.516,1.346,0.158,1.589,1.412,0.162,0.809,0.693,0.108
519,gmusicapi,8.219,7.01,0.698,1.852,1.602,0.227,0.857,0.774,0.079
520,pyrouge,1.907,1.652,0.236,1.795,1.489,0.308,0.775,0.669,0.101
521,mutagene,20.789,18.59,1.757,2.003,1.728,0.256,0.962,0.865,0.094
522,tensorboard-pytorch,3.715,3.275,0.297,0.945,0.825,0.094,0.694,0.61,0.081
523,doconce,8.975,7.504,0.75,1.349,1.182,0.128,0.974,0.882,0.088
524,wikitextparser,2.153,1.926,0.156,1.1,0.972,0.099,0.779,0.678,0.099
525,taichi,5.122,4.123,0.487,2.084,1.767,0.26,0.818,0.705,0.111
526,openlab,11.55,10.214,0.88,1.17,1.024,0.099,1.04,0.946,0.091
527,vyper,1.989,1.691,0.147,1.173,0.991,0.123,0.856,0.77,0.077
528,fbchat-asyncio,5.268,4.573,0.438,1.006,0.854,0.101,0.928,0.843,0.083
529,msal-extensions,3.303,2.923,0.21,0.969,0.857,0.086,0.86,0.762,0.096
530,chemspipy,2.663,2.27,0.282,1.695,1.415,0.246,0.831,0.725,0.103
531,flowutils,5.951,8.508,6.249,1.775,5.128,5.869,1.698,4.783,5.258
532,neptune-contrib,19.129,17.034,1.56,2.2,1.855,0.163,1.142,1.021,0.109
533,resolvelib,0.834,0.723,0.083,0.95,0.792,0.115,0.742,0.648,0.09
534,jupyter-datatables,24.948,21.864,2.19,1.529,1.407,0.086,1.333,1.209,0.122
535,bitcoin,1.654,1.495,0.146,1.666,1.438,0.188,0.741,0.613,0.104
536,fabric3,2.923,2.57,0.214,1.046,0.905,0.107,0.815,0.727,0.084
537,corpy,8.22,7.245,0.551,2.969,2.719,0.193,3.207,2.919,0.213
538,azureml-interpret,22.013,22.737,7.06,4.165,7.204,5.603,4.177,7.196,5.863
539,azureml-cli-common,12.511,10.729,0.863,1.454,1.308,0.119,1.28,1.169,0.109
540,cmath,0.732,0.588,0.09,0.774,0.683,0.084,0.712,0.603,0.101
541,nltk.tag.perceptron,0.803,0.653,0.091,0.77,0.663,0.098,0.781,0.684,0.086
542,plotly.io,0.824,0.675,0.1,0.79,0.676,0.105,0.78,0.67,0.093
543,azure-mgmt-dns,2.662,2.264,0.177,1.142,0.987,0.121,0.823,0.749,0.072
544,sox,3.228,2.863,0.304,0.888,0.773,0.087,0.817,0.749,0.065
545,ipopt,6.098,6.902,3.587,5.715,6.602,3.545,6.0,6.707,3.598
546,ipython_memory_usage,6.06,5.218,0.492,1.72,1.543,0.164,0.919,0.797,0.12
547,pyjugex,0.819,0.65,0.101,0.71,0.622,0.079,0.802,0.669,0.097
548,miditime,1.327,1.058,0.131,0.938,0.805,0.086,0.759,0.68,0.075
549,boruta,8.45,7.634,0.73,0.95,0.838,0.066,0.809,0.718,0.088
550,azure-mgmt-reservations,2.86,2.374,0.269,1.101,0.977,0.09,0.904,0.83,0.071
551,tomlkit,0.979,0.825,0.127,0.98,0.873,0.079,0.73,0.642,0.086
552,pydot_ng,1.057,0.897,0.104,0.766,0.665,0.074,0.785,0.684,0.099
553,cldfbench,7.928,6.761,0.566,1.3,1.163,0.087,0.999,0.89,0.106
554,porder,15.17,13.13,1.212,1.348,1.24,0.078,1.111,1.02,0.088
555,menpodetect,10.538,9.147,0.936,1.651,1.42,0.194,0.845,0.725,0.109
556,xray,6.679,6.059,0.445,1.158,0.982,0.139,0.803,0.719,0.078
557,drawnow,6.182,5.313,0.465,0.964,0.787,0.13,0.782,0.691,0.088
558,t4,86.019,76.065,5.73,74.658,69.228,4.392,71.287,66.309,3.865
559,eo-learn-ml-tools,26.705,25.253,4.602,1.532,1.391,0.092,1.288,1.196,0.08
560,dicttoxml,1.652,1.451,0.168,1.534,1.344,0.179,0.81,0.692,0.107
561,rqt-moveit,0.819,0.67,0.102,0.778,0.669,0.089,0.761,0.652,0.101
562,rdp,3.898,3.402,0.441,1.525,1.313,0.192,0.782,0.68,0.098
563,webbrowser,0.8,0.675,0.102,0.775,0.69,0.075,0.76,0.685,0.068
564,pycovid,12.744,11.093,1.396,0.998,0.84,0.087,0.855,0.749,0.103
565,pyaes,1.65,1.416,0.219,1.596,1.388,0.193,0.803,0.678,0.122
566,epic-kitchens,17.426,15.267,1.457,1.887,1.672,0.202,0.787,0.705,0.079
567,resource-retriever,0.823,0.666,0.099,0.778,0.685,0.066,0.735,0.634,0.09
568,sas_kernel,24.579,20.666,3.083,2.387,2.108,0.244,0.82,0.758,0.059
569,latlon-utils,8.221,7.396,0.571,1.592,1.374,0.205,0.794,0.713,0.078
570,boo,7.469,6.688,0.55,1.363,0.885,0.126,0.878,0.795,0.081
571,zope.hookable,0.849,0.728,0.073,0.968,0.825,0.116,0.799,0.696,0.099
572,azure-mgmt-servicefabric,2.498,2.023,0.268,1.169,1.007,0.121,0.863,0.759,0.099
573,zhon,1.608,1.415,0.157,1.559,1.362,0.178,0.683,0.608,0.072
574,qt-gui-cpp,0.827,0.673,0.1,0.717,0.64,0.069,0.784,0.669,0.106
575,paramonte,8.744,7.335,0.809,2.727,2.304,0.388,0.82,0.721,0.096
576,numpythia,5.633,3.795,0.553,2.244,1.854,0.354,0.728,0.65,0.075
577,azure-appconfiguration,2.609,2.19,0.24,1.047,0.895,0.102,0.886,0.779,0.104
578,pysftp,3.585,3.161,0.308,1.762,1.534,0.211,0.83,0.745,0.083
579,keras-position-wise-feed-forward,7.585,6.659,0.748,1.597,1.356,0.229,0.754,0.656,0.095
580,graph-tool,0.797,0.694,0.078,0.69,0.599,0.081,0.765,0.66,0.096
581,s4cmd,4.839,4.274,0.436,1.486,1.285,0.186,0.772,0.675,0.094
582,audio.filters,2.475,2.087,0.334,2.516,2.142,0.328,0.695,0.623,0.069
583,psf,5.925,8.685,6.288,1.769,5.004,5.646,1.754,5.136,5.698
584,jtextfsm,0.893,0.726,0.078,0.938,0.8,0.09,0.735,0.647,0.083
585,kaggler,63.299,55.86,11.843,4.288,9.21,8.877,4.22,9.066,8.733
586,minid,2.58,2.218,0.254,1.651,1.427,0.211,0.788,0.721,0.062
587,flask-debugtoolbar,2.945,2.567,0.218,1.035,0.857,0.122,0.82,0.734,0.083
588,altair_morberg,8.982,8.061,0.64,1.123,0.979,0.101,0.936,0.835,0.099
589,salem,0.966,0.759,0.15,0.95,0.818,0.085,0.782,0.692,0.087
590,eo-learn-io,19.876,18.972,4.064,1.359,1.225,0.107,1.177,1.052,0.122
591,jupyterlab-latex,11.673,10.046,0.942,1.371,1.203,0.138,1.286,1.17,0.108
592,treelite-runtime,6.028,5.354,0.58,0.942,0.784,0.096,0.8,0.702,0.094
593,robopy,7.275,6.431,0.633,1.373,1.005,0.153,0.747,0.66,0.084
594,rqt-web,0.779,0.662,0.069,0.788,0.668,0.091,0.725,0.634,0.083
595,onnxruntime-gpu,4.986,4.265,0.584,2.125,1.762,0.298,0.745,0.635,0.098
596,genie.libs.parser,3.092,2.702,0.313,2.92,2.621,0.263,0.706,0.627,0.076
597,timedelta,1.502,1.307,0.182,1.591,1.405,0.151,0.789,0.703,0.085
598,stratify,10.252,12.713,5.928,9.393,11.61,5.803,9.673,12.36,6.481
599,scopus,2.697,2.312,0.329,1.835,1.524,0.286,0.726,0.623,0.099
600,jupyter-require,17.121,14.698,1.422,1.583,1.413,0.122,1.361,1.256,0.103
601,synapseclient,5.31,4.608,0.474,1.206,1.087,0.081,0.902,0.798,0.095
602,pacopy,1.366,1.149,0.128,0.954,0.817,0.112,0.844,0.713,0.128
603,sage-combinat-widgets,11.854,10.187,0.894,1.406,1.277,0.096,1.33,1.199,0.129
604,rosparam,0.784,0.627,0.105,0.772,0.66,0.102,0.709,0.606,0.093
605,huepy,1.5,1.28,0.184,1.613,1.392,0.188,0.765,0.672,0.09
606,tdt,3.127,2.723,0.296,0.978,0.822,0.107,0.795,0.728,0.065
607,pysnooper,0.923,0.784,0.094,0.938,0.823,0.071,0.774,0.681,0.09
608,smclib,0.849,0.7,0.093,0.697,0.594,0.094,0.805,0.72,0.076
609,dataswim,45.171,39.077,3.816,3.364,2.955,0.27,2.231,2.114,0.112
610,wxpython,12.352,10.511,1.861,9.435,7.797,1.717,9.379,7.802,1.659
611,yodapy,28.544,25.486,1.987,1.474,1.301,0.136,1.237,1.126,0.106
612,datetimerange,2.407,2.04,0.206,0.996,0.86,0.11,0.79,0.685,0.103
613,ptan,41.716,30.557,5.127,1.739,1.543,0.181,0.85,0.748,0.099
614,azure-mgmt-datalake-store,4.487,3.916,0.26,1.152,1.011,0.113,0.956,0.846,0.107
615,dm-tree,0.977,0.829,0.109,0.931,0.796,0.107,0.785,0.726,0.056
616,mojimoji,0.931,0.744,0.096,0.873,0.681,0.13,0.796,0.695,0.095
617,phconvert,6.024,5.312,0.63,1.559,1.372,0.173,0.796,0.704,0.089
618,autoimpute,34.579,24.956,2.756,1.245,1.091,0.11,1.053,0.943,0.107
619,wcsaxes,9.852,10.53,3.43,2.806,5.952,5.914,0.788,0.689,0.092
620,tinycss,1.602,1.38,0.189,1.657,1.412,0.223,0.763,0.695,0.065
621,pytest-mpl,7.409,6.515,0.556,1.014,0.878,0.111,0.929,0.837,0.088
622,mplcyperpunk,0.821,0.645,0.114,0.774,0.679,0.087,0.737,0.632,0.081
623,scikits.talkbox,2.925,2.246,0.347,2.559,2.136,0.371,2.402,2.023,0.348
624,cli-pipeline,9.497,8.159,0.738,1.396,1.21,0.119,0.99,0.87,0.117
625,census-area,4.509,3.798,0.461,0.895,0.733,0.121,0.825,0.729,0.078
626,sphinxjp.themecore,7.058,6.178,0.548,1.826,1.599,0.193,0.871,0.785,0.084
627,rqt-gui,0.814,0.678,0.08,0.786,0.688,0.073,0.787,0.704,0.075
628,ternary,1.606,1.423,0.15,1.653,1.425,0.192,0.743,0.65,0.09
629,fxcmpy,7.938,6.984,0.542,1.041,0.885,0.112,0.88,0.791,0.085
630,hdfviewer,21.596,18.31,1.67,1.671,1.519,0.111,1.567,1.43,0.135
631,libjson2csv,0.841,0.691,0.108,0.935,0.793,0.095,0.79,0.692,0.096
632,bloom-filter,0.892,0.739,0.099,0.832,0.681,0.122,0.817,0.713,0.1
633,passlib,1.129,0.987,0.109,1.133,0.993,0.103,0.796,0.696,0.096
634,cfgeom,4.818,4.152,0.439,1.708,1.491,0.207,0.753,0.643,0.106
635,yggdrasil-framework,18.259,15.858,1.751,5.317,4.649,0.573,5.3,4.547,0.585
636,object_detection,48.986,40.634,4.607,2.702,2.459,0.198,1.746,1.612,0.131
637,dhash,1.64,1.459,0.17,1.639,1.396,0.206,0.785,0.675,0.104
638,dashtable,1.735,1.515,0.191,1.559,1.387,0.163,0.776,0.661,0.112
639,jupyter-flex,15.815,13.792,1.244,6.707,6.044,0.58,1.248,1.148,0.098
640,cv-bridge,0.82,0.683,0.09,0.728,0.623,0.091,0.762,0.664,0.088
641,chemview,15.992,13.762,1.226,1.527,1.346,0.122,1.284,1.19,0.089
642,pycldf,2.796,2.324,0.188,1.163,1.029,0.105,0.875,0.76,0.113
643,pydash,0.976,0.854,0.092,1.022,0.863,0.108,0.771,0.693,0.076
644,algoliasearch,1.979,1.687,0.194,1.071,0.899,0.126,0.824,0.715,0.106
645,merge,1.581,1.38,0.157,1.615,1.432,0.17,0.75,0.669,0.077
646,poppy,14.367,12.789,1.338,4.494,3.961,0.459,0.884,0.767,0.113
647,gains,4.481,3.754,0.605,2.299,1.897,0.382,0.786,0.673,0.105
648,django-ratelimit,0.921,0.799,0.09,0.821,0.645,0.132,0.795,0.682,0.11
649,easygui,0.884,0.745,0.107,0.93,0.82,0.083,0.773,0.658,0.111
650,pssm,1.656,1.41,0.215,1.498,1.291,0.175,0.784,0.692,0.088
651,lektor,6.991,6.089,0.506,1.303,1.157,0.089,0.912,0.802,0.106
652,ligo-segments,1.778,1.548,0.183,1.663,1.475,0.17,1.598,1.367,0.215
653,azure-mgmt-network,19.66,18.049,1.381,17.228,15.851,1.316,0.905,0.805,0.098
654,bumpversion,0.867,0.708,0.103,0.886,0.764,0.096,0.79,0.693,0.091
655,opencage,3.336,2.887,0.261,0.996,0.867,0.089,0.912,0.791,0.118
656,tempdir,1.612,1.393,0.182,1.655,1.439,0.184,0.783,0.698,0.083
657,py_qs_example,0.961,0.774,0.103,0.897,0.749,0.095,0.812,0.718,0.09
658,jsonpath-rw,1.83,1.546,0.234,1.675,1.466,0.176,0.737,0.634,0.1
659,azure-mgmt-kusto,2.835,2.361,0.222,1.072,0.918,0.123,0.831,0.757,0.071
660,pyculib,1.743,1.5,0.184,1.658,1.438,0.208,0.787,0.687,0.097
661,hcipy,18.516,15.87,1.682,1.286,1.113,0.137,1.068,0.966,0.1
662,gamma,7.61,6.889,0.488,0.915,0.795,0.092,0.855,0.769,0.084
663,vsts,3.953,3.228,0.492,2.617,2.172,0.395,0.789,0.696,0.09
664,meanderpy,18.744,16.315,1.409,1.029,0.895,0.085,0.976,0.867,0.106
665,neuraxle,14.613,13.003,1.182,2.786,2.439,0.303,0.95,0.844,0.101
666,genie.examples,1.228,0.979,0.082,1.182,0.976,0.167,0.777,0.699,0.075
667,oscrypto,1.259,1.078,0.133,1.086,0.91,0.116,0.806,0.727,0.076
668,times,1.376,1.199,0.095,0.886,0.79,0.067,0.765,0.678,0.084
669,sphinx_togglebutton,5.637,4.76,0.521,1.126,0.943,0.105,0.946,0.838,0.104
670,spotpy,6.217,5.559,0.57,1.161,0.963,0.139,0.738,0.633,0.1
671,modsimpy,1.656,1.435,0.181,1.588,1.342,0.214,0.725,0.614,0.109
672,typogrify,1.649,1.44,0.182,1.61,1.381,0.212,0.79,0.708,0.078
673,opedia,17.567,15.547,1.465,4.54,3.947,0.507,4.472,3.932,0.476
674,cppyy,57.484,45.577,8.039,52.646,43.845,7.97,49.781,41.466,7.336
675,meteocalc,1.693,1.487,0.179,1.562,1.353,0.186,0.797,0.692,0.101
676,damask-parse,17.331,15.307,1.646,1.03,0.879,0.099,0.856,0.75,0.104
677,audio.bitstream,5.415,4.492,0.686,5.313,4.572,0.685,4.911,4.247,0.621
678,ashpy,40.274,28.897,3.917,4.033,3.543,0.431,1.098,0.993,0.077
679,pymining,0.854,0.731,0.078,0.908,0.797,0.083,0.792,0.704,0.085
680,wes,6.657,5.984,0.524,1.582,1.358,0.179,0.834,0.74,0.088
681,pytest-raises,2.693,2.177,0.194,1.043,0.89,0.106,0.864,0.768,0.093
682,strax,16.871,14.277,2.223,16.616,13.995,2.185,16.199,14.14,1.934
683,itable,7.076,6.383,0.585,1.736,1.517,0.188,0.746,0.64,0.103
684,azureml-tensorboard,11.208,9.658,0.748,1.286,1.158,0.08,1.113,0.999,0.11
685,django-markdown-deux,1.627,1.388,0.197,1.668,1.389,0.245,0.728,0.628,0.096
686,azure-functions,0.97,0.83,0.093,1.045,0.882,0.108,0.785,0.695,0.086
687,diagnostic-updater,0.837,0.719,0.067,0.692,0.596,0.07,0.89,0.71,0.07
688,getdist,9.722,8.633,0.912,1.903,1.723,0.164,0.708,0.604,0.101
689,nn_builder,16.275,13.683,1.31,1.14,0.99,0.12,1.014,0.891,0.115
690,repo2data,18.767,16.311,1.522,1.336,1.194,0.116,1.298,1.179,0.116
691,pdbpp,4.94,4.227,0.591,2.573,2.236,0.316,0.774,0.666,0.103
692,mathparse,0.894,0.771,0.08,0.88,0.731,0.105,0.777,0.697,0.076
693,azure-mgmt-msi,3.886,3.399,0.239,1.087,0.9,0.095,0.88,0.771,0.107
694,pymsk,35.737,30.465,3.462,1.565,1.403,0.074,1.384,1.28,0.1
695,colorednoise,3.851,3.389,0.366,1.699,1.449,0.218,0.775,0.677,0.095
696,mlpack,11.88,9.835,1.141,5.698,3.931,0.765,0.823,0.687,0.122
697,scipy.fftpack,0.815,0.661,0.103,0.773,0.641,0.123,0.778,0.658,0.1
698,azureml-contrib-fairness,13.263,11.678,0.851,1.306,1.149,0.1,1.291,1.169,0.119
699,dataverk,69.443,57.185,5.553,31.946,28.48,2.464,1.691,1.541,0.147
700,azure-mgmt-monitor,3.184,2.721,0.247,1.457,1.253,0.152,0.883,0.77,0.109
701,azure-cognitiveservices-speech,1.28,1.021,0.131,1.255,1.056,0.141,0.775,0.709,0.062
702,azure-mgmt-recoveryservices,2.808,2.34,0.25,0.968,0.85,0.082,0.845,0.765,0.077
703,gpmap,9.274,8.528,0.609,0.925,0.767,0.114,0.813,0.685,0.124
704,urlparse2,1.728,1.472,0.165,1.622,1.405,0.186,0.684,0.605,0.076
705,pygubu,0.879,0.732,0.102,0.966,0.798,0.118,0.782,0.674,0.105
706,swagger-spec-validator,2.904,2.484,0.266,0.992,0.846,0.119,0.909,0.822,0.085
707,netwulf,8.433,7.463,0.735,2.422,2.054,0.321,0.857,0.758,0.095
708,vulture,1.006,0.858,0.09,0.957,0.857,0.074,0.794,0.696,0.093
709,brythonmagic,0.918,0.766,0.111,0.86,0.763,0.072,0.749,0.643,0.103
710,itk-spcn,21.145,16.044,2.18,1.039,0.87,0.106,0.809,0.734,0.073
711,ratelimit,1.614,1.369,0.231,1.578,1.375,0.188,0.774,0.699,0.071
712,pinyin,1.741,1.481,0.212,1.812,1.574,0.21,0.74,0.666,0.071
713,nbparameterise,7.701,6.638,0.584,1.2,1.083,0.087,1.088,1.011,0.075
714,codacy-coverage,1.751,1.457,0.179,0.996,0.844,0.103,0.794,0.703,0.088
715,llist,1.42,1.166,0.218,1.55,1.311,0.196,1.566,1.355,0.197
716,stylo,4.624,4.101,0.328,1.089,0.895,0.128,0.867,0.74,0.124
717,audio.psychoacoustics,1.786,1.488,0.243,1.853,1.539,0.252,1.616,1.361,0.225
718,pyats.connections,9.102,7.686,0.817,1.253,1.09,0.113,0.947,0.864,0.079
719,azure-mgmt-core,2.003,1.697,0.188,0.939,0.823,0.092,0.833,0.736,0.093
720,brainiak,19.99,21.191,7.354,19.355,20.487,7.055,19.084,20.439,7.225
721,pypubsub,0.955,0.728,0.14,0.901,0.75,0.103,0.778,0.698,0.075
722,mousai,8.564,7.607,0.798,0.951,0.827,0.095,0.817,0.709,0.106
723,pydna,7.106,5.99,0.526,1.113,0.949,0.113,0.933,0.836,0.093
724,pymoose,3.745,3.409,0.26,1.575,1.393,0.14,0.763,0.682,0.078
725,bezier,3.656,3.25,0.333,1.444,1.226,0.174,0.694,0.596,0.09
726,pylint-flask,4.014,3.475,0.375,1.565,1.328,0.223,0.849,0.745,0.1
727,xkcdpass,1.851,1.612,0.193,1.829,1.584,0.216,0.654,0.573,0.077
728,truth-table-generator,8.547,7.647,0.706,1.702,1.491,0.193,0.747,0.678,0.065
729,jinja2-highlight,2.628,2.322,0.226,1.654,1.444,0.175,0.789,0.692,0.091
730,geomagindices,10.178,9.175,0.809,3.636,3.265,0.328,0.826,0.729,0.095
731,gradememaybe,1.856,1.587,0.139,0.87,0.738,0.089,0.721,0.635,0.083
732,munkres,0.911,0.781,0.086,0.854,0.72,0.092,0.763,0.661,0.099
733,datastep,23.773,21.045,1.677,1.87,1.707,0.131,1.824,1.735,0.085
734,nolearn,12.605,11.189,1.26,1.796,1.62,0.163,0.776,0.705,0.068
735,azure-mgmt-billing,2.886,2.468,0.214,1.109,0.957,0.116,0.807,0.694,0.11
736,pylint-django,3.126,2.723,0.242,1.15,0.91,0.117,0.826,0.749,0.075
737,rantanplan,28.911,25.328,4.893,18.859,18.558,3.965,0.984,0.891,0.09
738,ivolat3,1.527,1.273,0.222,1.578,1.399,0.155,1.657,1.477,0.164
739,genie.libs.telemetry,0.883,0.686,0.108,0.978,0.826,0.107,0.778,0.701,0.074
740,rq,1.704,1.388,0.136,1.107,0.931,0.123,0.784,0.705,0.077
741,nbdiff,6.006,5.173,0.448,2.597,2.234,0.303,2.38,2.097,0.233
742,steppy,14.638,12.887,1.218,1.855,1.67,0.171,1.003,0.891,0.097
743,coinmetrics,2.24,1.81,0.208,0.96,0.811,0.118,0.846,0.742,0.101
744,rasterfairy,11.784,10.081,1.166,1.594,1.376,0.186,0.822,0.744,0.066
745,prettyprint,1.637,1.413,0.191,1.66,1.459,0.189,0.725,0.614,0.107
746,azure-mgmt-redhatopenshift,2.624,2.167,0.25,1.047,0.911,0.109,0.901,0.783,0.115
747,spark-sklearn,2.854,2.484,0.295,1.661,1.487,0.161,0.742,0.644,0.093
748,instapy-chromedriver,1.724,1.109,0.248,1.467,1.213,0.21,0.773,0.701,0.068
749,eland,9.99,8.936,0.806,1.141,0.955,0.135,0.88,0.806,0.071
750,bumps,1.927,1.604,0.276,1.928,1.667,0.228,0.696,0.614,0.078
751,diffpy-srfit,1.976,1.618,0.269,1.716,1.505,0.193,0.751,0.678,0.071
752,xmljson,0.901,0.757,0.119,0.897,0.792,0.08,0.714,0.613,0.097
753,azure-mgmt-relay,2.661,2.245,0.201,1.067,0.923,0.104,0.794,0.705,0.086
754,virtualfish,3.203,2.627,0.261,1.113,0.981,0.089,0.855,0.741,0.11
755,express,1.864,1.573,0.234,1.671,1.43,0.217,0.777,0.664,0.11
756,jupyterlab-code-formatter,15.497,13.402,1.202,1.608,1.471,0.105,1.452,1.355,0.091
757,kmeans-smote,7.57,6.805,0.54,1.011,0.82,0.129,0.765,0.688,0.074
758,sat-search,4.164,3.519,0.469,2.28,1.982,0.261,0.724,0.647,0.068
759,bravado,6.259,5.206,0.525,1.184,1.02,0.114,0.936,0.823,0.102
760,pyschedule,3.586,2.727,0.461,1.695,1.43,0.237,0.738,0.659,0.075
761,pyowm,2.171,1.826,0.215,1.156,1.014,0.104,0.788,0.705,0.079
762,russian-tagsets,1.724,1.498,0.189,1.643,1.45,0.169,0.721,0.633,0.085
763,simpleeval,1.966,1.769,0.165,1.983,1.782,0.18,0.779,0.673,0.103
764,mail-parser,1.184,0.987,0.112,1.004,0.842,0.099,0.712,0.609,0.096
765,azure-ai-textanalytics,2.681,2.278,0.163,1.101,0.932,0.121,0.906,0.79,0.113
766,macholib,1.04,0.88,0.102,0.932,0.795,0.108,0.789,0.665,0.122
767,yamlordereddictloader,1.742,1.553,0.149,1.601,1.414,0.173,0.778,0.687,0.087
768,fanalysis,14.388,13.013,1.088,1.027,0.898,0.092,0.806,0.719,0.084
769,cloudscraper,2.05,1.725,0.18,0.935,0.794,0.11,0.848,0.753,0.08
770,chemlab,3.676,2.445,0.41,3.066,2.58,0.43,2.996,2.484,0.437
771,textblob_de,3.907,3.447,0.247,1.053,0.902,0.116,0.814,0.746,0.065
772,treetaggerwrapper,1.595,1.369,0.149,1.588,1.393,0.172,0.746,0.673,0.071
773,solowpy,1.721,1.417,0.208,1.529,1.34,0.17,0.791,0.686,0.101
774,mca,9.901,8.982,0.761,1.643,1.439,0.188,0.774,0.692,0.079
775,nose-parallel,0.928,0.797,0.075,0.916,0.726,0.14,0.777,0.66,0.114
776,qt-gui-py-common,0.809,0.648,0.107,0.777,0.68,0.088,0.668,0.54,0.098
777,pyats.log,7.725,6.779,0.678,1.577,1.314,0.211,0.979,0.898,0.079
778,atpbar,0.97,0.817,0.104,0.944,0.828,0.088,0.746,0.649,0.095
779,azure-mgmt-iothub,3.344,2.838,0.285,1.46,1.227,0.2,0.864,0.737,0.125
780,muffle,1.572,1.381,0.124,1.561,1.368,0.181,0.716,0.615,0.098
781,rnnmorph,42.464,34.783,4.356,3.838,3.466,0.315,1.251,1.154,0.093
782,cadcad,8.146,7.074,0.703,1.07,0.941,0.104,0.802,0.704,0.095
783,dpkt,1.107,0.918,0.136,1.069,0.942,0.094,0.747,0.673,0.071
784,azure-mgmt-imagebuilder,4.404,3.849,0.256,1.014,0.892,0.091,0.958,0.828,0.125
785,pycountry_convert,5.31,4.432,0.591,1.035,0.87,0.111,0.792,0.712,0.077
786,tilemapbase,3.21,2.76,0.291,1.609,1.394,0.185,0.841,0.708,0.129
787,geoviz,55.979,48.138,5.202,2.855,2.591,0.241,1.728,1.621,0.103
788,spectra,5.549,4.903,0.563,1.667,1.451,0.167,0.817,0.714,0.099
789,herepy,1.889,1.585,0.192,1.018,0.868,0.107,0.797,0.725,0.067
790,anyjson,1.954,1.748,0.185,1.834,1.667,0.155,0.816,0.747,0.063
791,dynet,4.935,4.138,0.355,1.229,1.026,0.135,0.793,0.715,0.071
792,awkward-numba,6.709,5.989,0.58,0.97,0.845,0.094,0.789,0.694,0.092
793,graphy2,14.433,12.813,1.168,0.991,0.84,0.112,0.875,0.782,0.09
794,automl,20.582,18.061,2.044,1.068,0.925,0.106,0.86,0.786,0.07
795,katcp,3.632,3.062,0.475,1.089,0.927,0.107,0.783,0.696,0.085
796,yapsy,1.615,1.38,0.2,1.599,1.373,0.186,0.779,0.685,0.092
797,objcache,3.867,3.208,0.315,1.012,0.876,0.11,0.868,0.764,0.098
798,docproduct,15.187,10.434,2.216,13.738,11.052,2.258,8.195,7.049,1.004
799,seqeval,10.07,9.059,0.915,2.484,2.133,0.3,0.832,0.724,0.105
800,pygeocoder,2.416,2.048,0.267,1.552,1.33,0.206,0.785,0.671,0.111
801,bravado-core,4.961,4.248,0.452,1.213,1.063,0.107,0.954,0.871,0.08
802,histbook,4.016,3.408,0.442,1.787,1.567,0.19,0.762,0.677,0.082
803,cf_xarray,6.552,5.881,0.478,0.971,0.828,0.099,0.804,0.728,0.072
804,titlecase,1.672,1.446,0.194,1.609,1.358,0.211,0.781,0.684,0.095
805,pyats.utils,12.293,10.413,1.078,1.639,1.424,0.166,1.009,0.898,0.108
806,acstools,9.447,8.351,0.826,4.14,3.705,0.373,0.812,0.685,0.124
807,sphinx-bootstrap-theme,2.202,1.904,0.26,2.155,1.916,0.204,0.814,0.683,0.125
808,bit,2.89,2.353,0.302,0.995,0.846,0.103,0.851,0.745,0.102
809,fast-histogram,3.224,2.809,0.324,0.823,0.719,0.076,0.741,0.642,0.096
810,autoenv,1.578,1.313,0.231,1.467,1.235,0.2,0.718,0.607,0.108
811,pytzdata,1.08,0.952,0.096,0.951,0.786,0.129,0.76,0.675,0.082
812,plaidml-keras,9.019,7.593,0.823,1.053,0.908,0.099,0.833,0.751,0.079
813,cliff,3.823,3.344,0.31,1.165,1.02,0.084,0.887,0.782,0.102
814,mogutda,10.36,9.201,0.939,1.632,1.433,0.17,0.821,0.745,0.072
815,spacy-stanfordnlp,35.347,29.552,4.709,1.262,1.137,0.086,1.118,1.039,0.075
816,eviltransform,1.537,1.354,0.136,1.524,1.3,0.213,0.778,0.678,0.095
817,pytest-django,2.795,2.374,0.203,1.078,0.953,0.096,0.906,0.815,0.088
818,statesegmentation,0.843,0.68,0.116,0.884,0.778,0.081,0.804,0.695,0.104
819,pygaia,6.099,5.264,0.604,0.88,0.764,0.088,0.813,0.703,0.108
820,shapefile,0.811,0.678,0.086,0.76,0.625,0.114,0.768,0.671,0.088
821,stats,1.787,1.488,0.212,1.528,1.335,0.174,0.786,0.693,0.09
822,dj-static,2.124,1.86,0.233,1.45,1.27,0.163,0.772,0.707,0.062
823,flask-seeder,2.424,2.1,0.159,1.02,0.871,0.125,0.871,0.766,0.103
824,myhdl,2.0,1.715,0.246,1.867,1.612,0.235,0.78,0.689,0.085
825,spynner,4.057,3.419,0.418,1.788,1.558,0.196,0.938,0.799,0.111
826,continuum_mechanics,15.415,13.73,1.469,0.882,0.748,0.097,0.779,0.696,0.079
827,python-vtk,5.633,4.385,0.56,0.918,0.805,0.086,0.709,0.607,0.098
828,github-flask,4.037,3.457,0.306,1.684,1.473,0.197,0.804,0.672,0.124
829,cpplint,0.95,0.787,0.133,0.968,0.819,0.119,0.799,0.696,0.101
830,statsmodel,0.761,0.623,0.091,0.743,0.629,0.106,0.709,0.624,0.076
831,pid,0.925,0.768,0.115,0.915,0.788,0.1,0.771,0.679,0.089
832,scprep,12.284,10.979,0.966,1.133,1.008,0.086,0.916,0.81,0.101
833,adversarial_robustness_toolbox,11.843,10.57,1.018,1.799,1.552,0.154,0.856,0.767,0.085
834,flask-oauth,3.307,2.798,0.296,1.677,1.424,0.222,0.88,0.781,0.095
835,flask_dropzone,2.189,1.842,0.131,0.932,0.81,0.093,0.899,0.79,0.104
836,punch.py,2.144,1.775,0.294,1.622,1.409,0.198,0.782,0.68,0.099
837,langid,3.86,3.424,0.394,1.753,1.457,0.262,0.717,0.636,0.078
838,azure-mgmt-marketplaceordering,2.841,2.315,0.3,0.902,0.731,0.145,0.91,0.818,0.088
839,audio.index,2.45,2.044,0.342,2.452,2.06,0.351,2.529,2.206,0.281
840,supersmoother,1.704,1.476,0.173,1.682,1.464,0.174,0.774,0.672,0.099
841,message-filters,0.848,0.668,0.118,0.741,0.638,0.096,0.757,0.657,0.091
842,tensornetwork,7.052,6.227,0.512,1.237,1.083,0.116,0.78,0.717,0.06
843,fem,23.769,16.941,3.009,20.542,17.188,2.98,0.749,0.674,0.072
844,torch-ac,34.641,23.755,3.954,0.891,0.773,0.088,0.85,0.74,0.106
845,doit,1.869,1.607,0.203,0.947,0.837,0.078,0.753,0.652,0.099
846,spectrum,9.309,8.312,0.834,1.758,1.461,0.252,1.802,1.458,0.208
847,pdfdocument,2.742,2.423,0.245,0.923,0.793,0.096,0.814,0.686,0.124
848,jupyter_http_over_ws,11.016,9.492,0.828,1.414,1.28,0.097,1.268,1.187,0.078
849,azureml-contrib-gbdt,12.388,10.465,0.845,1.255,1.12,0.105,1.195,1.086,0.107
850,dhelp,3.68,3.115,0.387,0.992,0.848,0.118,0.85,0.765,0.083
851,azure-loganalytics,2.702,2.294,0.196,0.939,0.788,0.126,0.824,0.712,0.109
852,neurdflib,1.523,1.242,0.136,1.145,0.985,0.109,0.782,0.691,0.089
853,pysurfer,22.538,21.148,5.352,3.567,6.38,5.655,3.167,6.184,5.901
854,q,0.941,0.802,0.094,0.904,0.781,0.096,0.722,0.651,0.068
855,pyclts,3.731,2.735,0.293,1.165,1.005,0.132,0.81,0.682,0.125
856,mysql-connector-python-rf,2.086,1.722,0.317,1.929,1.649,0.238,2.024,1.742,0.245
857,tf2-kdl,0.795,0.665,0.074,0.768,0.684,0.067,0.667,0.559,0.088
858,nc-time-axis,6.244,5.564,0.502,0.963,0.825,0.065,0.853,0.737,0.107
859,dfkernel,13.082,11.118,0.967,3.138,2.847,0.264,1.202,1.094,0.103
860,keras-contrib,0.774,0.634,0.087,0.746,0.625,0.095,0.762,0.652,0.099
861,intake-bluesky,16.358,13.908,1.319,1.288,1.124,0.124,1.106,1.005,0.098
862,pyqt,0.738,0.627,0.083,0.788,0.691,0.087,0.775,0.704,0.061
863,tatsu,1.06,0.899,0.115,0.972,0.844,0.1,0.779,0.696,0.08
864,mosestokenizer,3.954,3.446,0.398,1.492,1.289,0.172,0.802,0.683,0.116
865,seafoam,6.896,5.683,0.611,1.065,0.887,0.134,0.91,0.808,0.099
866,tensorflowonspark,1.32,1.109,0.095,0.951,0.789,0.133,0.716,0.637,0.076
867,objectpath,0.854,0.712,0.092,0.9,0.764,0.107,0.814,0.713,0.098
868,rqt-bag,0.762,0.585,0.115,0.785,0.68,0.069,0.767,0.653,0.106
869,azure-multiapi-storage,6.27,5.529,0.431,3.379,2.963,0.376,0.909,0.811,0.094
870,ciscoconfparse,1.869,1.609,0.179,1.098,0.94,0.117,0.717,0.649,0.063
871,jsbeautifier,4.057,3.536,0.401,3.699,3.262,0.388,0.797,0.664,0.13
872,factory_boy,2.2,1.859,0.212,0.925,0.796,0.1,0.768,0.675,0.089
873,aicsshparam,30.745,25.593,2.642,1.355,1.19,0.107,1.13,1.049,0.078
874,variable,0.913,0.741,0.088,0.894,0.775,0.077,0.742,0.644,0.095
875,htcondor,2.577,1.941,0.269,2.7,2.007,0.304,0.792,0.685,0.104
876,gtfs-realtime-bindings,2.319,1.989,0.242,1.633,1.422,0.181,0.767,0.663,0.101
877,parsimonious,1.726,1.512,0.191,1.717,1.479,0.208,0.714,0.609,0.102
878,flipflop,1.671,1.42,0.218,1.606,1.425,0.167,0.737,0.666,0.068
879,requests-testadapter,2.645,2.238,0.233,1.575,1.327,0.232,0.823,0.741,0.079
880,permute,6.013,5.252,0.634,0.913,0.746,0.135,0.806,0.713,0.089
881,twitter_scraper,6.564,5.635,0.547,1.117,0.988,0.095,0.951,0.829,0.107
882,openpermid,7.785,6.909,0.638,1.727,1.398,0.186,0.838,0.764,0.071
883,kingman,1.708,1.424,0.207,1.642,1.455,0.171,0.704,0.616,0.085
884,suitcase-jsonl,5.099,4.465,0.455,1.039,0.902,0.111,0.874,0.795,0.075
885,unicon,2.197,1.862,0.206,1.471,1.213,0.19,0.744,0.678,0.063
886,copulas,11.853,10.714,0.754,1.156,1.009,0.111,0.91,0.776,0.13
887,aioredis,1.226,1.069,0.092,0.963,0.845,0.09,0.784,0.704,0.078
888,cptac,16.363,14.454,1.315,1.285,1.087,0.15,0.96,0.891,0.065
889,symbolic-equation,1.251,0.955,0.111,0.909,0.785,0.099,0.802,0.739,0.059
890,pgmpy,43.262,36.039,4.948,1.295,1.141,0.1,0.898,0.804,0.092
891,interactive-markers,0.82,0.677,0.065,0.709,0.609,0.092,0.772,0.655,0.107
892,counter,1.626,1.388,0.206,1.692,1.423,0.226,0.771,0.658,0.109
893,contentful,2.85,2.47,0.234,1.548,1.275,0.236,0.731,0.648,0.08
894,pyds9,2.362,1.887,0.45,2.172,1.828,0.358,2.263,1.848,0.417
895,genie.libs.filetransferutils,4.26,3.395,0.535,0.828,0.688,0.115,0.838,0.753,0.082
896,eth-tester,3.403,2.968,0.31,3.094,2.73,0.317,2.867,2.536,0.243
897,aerosandbox,21.881,18.417,2.234,1.523,1.318,0.164,0.813,0.71,0.1
898,basketball-reference-web-scraper,2.752,2.372,0.192,1.013,0.891,0.095,0.825,0.706,0.115
899,matplottery,0.809,0.663,0.119,0.771,0.67,0.09,0.765,0.689,0.067
900,aylien-news-api,1.63,1.406,0.121,1.079,0.939,0.103,0.846,0.743,0.1
901,google-cloud-dataproc,5.513,4.91,0.287,1.333,1.101,0.116,0.888,0.771,0.114
902,mysql-connector,2.039,1.741,0.262,2.086,1.799,0.273,0.78,0.708,0.067
903,pronouncing,1.642,1.387,0.18,1.571,1.365,0.19,0.756,0.67,0.084
904,easyai,1.649,1.425,0.192,1.754,1.469,0.256,0.736,0.629,0.105
905,twitter-scraper,6.742,5.781,0.529,1.0,0.878,0.091,0.945,0.825,0.116
906,azure-mgmt-deploymentmanager,2.833,2.371,0.225,1.082,0.93,0.12,0.888,0.806,0.079
907,pytelegrambotapi,2.77,2.357,0.291,1.698,1.483,0.194,0.829,0.732,0.093
908,draftjs-exporter,0.934,0.806,0.082,0.947,0.799,0.122,0.796,0.693,0.101
909,pybliometrics,3.896,3.2,0.496,2.0,1.716,0.267,0.772,0.662,0.107
910,fairlearn,12.607,11.126,1.052,1.917,1.58,0.293,0.859,0.765,0.091
911,starfish,46.202,42.496,6.79,3.119,2.782,0.314,1.656,1.576,0.075
912,pygaljs,0.95,0.795,0.096,0.908,0.773,0.084,0.785,0.708,0.074
913,terry-toolkit,18.294,17.002,4.275,12.357,11.792,4.051,11.945,12.182,4.121
914,rviz,0.685,0.56,0.068,0.773,0.658,0.087,0.649,0.549,0.091
915,numpy-base,0.846,0.67,0.118,0.789,0.644,0.136,0.766,0.654,0.105
916,carball,8.595,7.727,0.599,2.063,1.764,0.272,0.816,0.721,0.091
917,memoized-property,1.52,1.294,0.192,1.639,1.451,0.176,0.78,0.679,0.098
918,texlive-xetex,0.766,0.621,0.091,0.816,0.702,0.089,0.77,0.688,0.072
919,hurry.filesize,1.536,1.342,0.161,1.624,1.414,0.197,0.722,0.591,0.127
920,parfit,12.689,11.324,1.119,1.645,1.484,0.144,0.825,0.711,0.111
921,ta-lib,5.946,8.554,6.336,1.777,5.252,5.698,1.727,5.05,5.721
922,rqt-launch,0.793,0.67,0.096,0.719,0.611,0.099,0.716,0.621,0.084
923,sentence-transformers,42.929,34.903,5.162,2.154,1.858,0.24,1.148,1.039,0.107
924,pafy,0.926,0.796,0.104,0.898,0.774,0.094,0.802,0.702,0.097
925,aiortc,4.859,4.13,0.476,1.218,1.103,0.083,0.846,0.748,0.093
926,bmipy,6.121,5.399,0.493,1.684,1.461,0.191,0.844,0.758,0.081
927,azure-keyvault,4.937,4.273,0.292,1.076,0.924,0.126,0.885,0.811,0.071
928,git_root,0.919,0.714,0.118,0.89,0.749,0.104,0.798,0.682,0.113
929,pygeode,10.314,8.797,0.805,1.287,1.078,0.143,0.857,0.762,0.091
930,click_completion,2.521,2.18,0.198,1.674,1.427,0.2,0.791,0.701,0.086
931,controller-manager,0.801,0.652,0.094,0.776,0.674,0.079,0.726,0.594,0.109
932,devito,33.734,29.535,2.935,7.052,6.082,0.595,7.132,6.475,0.565
933,optunity,1.845,1.575,0.215,1.845,1.6,0.214,0.701,0.597,0.101
934,d6tpipe,7.849,6.383,0.566,1.15,0.996,0.124,0.994,0.864,0.123
935,mxboard,4.48,4.022,0.31,0.937,0.766,0.122,0.812,0.731,0.078
936,birdseye,7.237,6.054,0.511,1.224,1.062,0.111,1.034,0.942,0.089
937,django-environ,0.891,0.785,0.077,0.896,0.754,0.116,0.769,0.692,0.074
938,sshtunnel,2.871,2.548,0.163,1.08,0.922,0.078,0.85,0.77,0.078
939,genie.libs.conf,1.817,1.535,0.219,1.769,1.541,0.168,0.771,0.68,0.084
940,numpy_groupies,2.543,2.21,0.284,2.383,2.041,0.316,0.763,0.65,0.11
941,ebooklib,2.544,2.201,0.269,1.662,1.421,0.223,0.783,0.69,0.088
942,decodes,1.086,0.903,0.106,1.097,0.945,0.117,0.791,0.692,0.096
943,pandas-ml,6.516,5.899,0.484,1.009,0.858,0.119,0.833,0.7,0.125
944,straxen,22.321,18.926,2.623,21.63,18.635,2.521,21.131,18.346,2.551
945,topic-modelling-tools,15.464,15.95,3.8,3.624,6.965,5.729,3.47,6.772,5.89
946,mwclient,2.198,1.772,0.209,0.971,0.846,0.095,0.866,0.771,0.092
947,south,1.854,1.619,0.21,1.801,1.604,0.19,0.731,0.637,0.09
948,pycrs,1.676,1.459,0.179,1.573,1.383,0.176,0.727,0.653,0.07
949,sphinx-autodoc-typehints,6.277,5.424,0.499,1.147,0.99,0.1,0.841,0.723,0.115
950,rows,2.526,2.217,0.227,0.999,0.848,0.099,0.85,0.76,0.087
951,rosserial-client,0.769,0.618,0.09,0.773,0.663,0.084,0.762,0.675,0.079
952,scvelo,29.482,25.527,2.408,1.478,1.335,0.104,1.142,1.046,0.093
953,polyphony,1.915,1.679,0.178,1.865,1.603,0.251,0.788,0.657,0.127
954,ibm-cos-sdk-core,3.469,2.801,0.287,1.959,1.651,0.271,0.805,0.709,0.092
955,dfttopif,13.032,11.267,1.193,1.656,1.441,0.199,0.805,0.712,0.09
956,node2vec,9.3,8.251,0.83,1.743,1.548,0.178,0.862,0.781,0.077
957,dautil,3.857,3.242,0.414,1.762,1.503,0.218,0.81,0.717,0.09
958,dash_auth,17.54,14.899,2.279,2.025,1.773,0.189,0.91,0.8,0.096
959,roslaunch,0.788,0.642,0.092,0.775,0.656,0.11,0.742,0.627,0.087
960,fleming,1.455,1.238,0.124,0.938,0.761,0.113,0.81,0.714,0.088
961,namedtupled,2.378,2.042,0.29,0.93,0.795,0.099,0.659,0.566,0.09
962,jsoncsv,3.31,2.837,0.337,1.594,1.377,0.196,0.845,0.766,0.075
963,mordred,5.396,4.708,0.562,1.837,1.604,0.217,0.789,0.701,0.085
964,rqt-plot,0.798,0.664,0.08,0.781,0.686,0.084,0.739,0.62,0.088
965,otter-grader,20.461,17.737,1.485,1.751,1.631,0.072,1.437,1.337,0.095
966,tensile-test,20.37,17.487,1.992,1.477,1.362,0.084,1.304,1.202,0.097
967,calendar,0.801,0.677,0.098,0.789,0.663,0.117,0.784,0.655,0.119
968,smach,0.816,0.649,0.113,0.754,0.609,0.137,0.749,0.657,0.081
969,magic-impute,17.193,14.957,1.475,1.192,1.044,0.116,1.015,0.933,0.078
970,gym-retro,17.834,11.012,1.695,4.886,3.919,0.877,0.813,0.718,0.093
971,upsetplot,13.817,12.226,1.386,5.727,4.954,0.709,0.777,0.674,0.101
972,fifteenrock,26.558,22.711,2.47,3.84,7.079,5.848,1.144,1.056,0.085
973,htools,16.712,14.876,1.333,6.369,5.53,0.534,6.125,5.488,0.514
974,flowws-unit-cell,10.593,9.275,0.952,0.97,0.849,0.094,0.836,0.725,0.108
975,wikidata,0.93,0.802,0.083,0.902,0.767,0.106,0.733,0.661,0.067
976,rednose,2.502,2.185,0.245,1.647,1.456,0.168,0.794,0.682,0.11
977,screed,3.316,2.912,0.353,2.437,2.168,0.23,0.648,0.588,0.056
978,azure-mgmt-batch,2.838,2.349,0.269,1.134,0.954,0.146,0.903,0.794,0.106
979,pd_utils,15.457,13.618,1.128,0.951,0.8,0.083,0.896,0.824,0.069
980,wayback,1.845,1.57,0.153,0.987,0.87,0.088,0.849,0.731,0.103
981,bw2temporalis,10.745,8.225,1.088,8.533,7.441,0.989,9.7,8.361,1.218
982,pydsa_core,15.376,13.106,1.194,1.148,0.988,0.126,0.968,0.844,0.122
983,pvfactors,15.533,13.514,1.124,1.132,0.919,0.109,0.917,0.811,0.103
984,itk-ioscanco,8.621,7.382,1.057,0.93,0.771,0.106,0.807,0.685,0.117
985,pytumblr,3.257,2.759,0.355,0.923,0.781,0.099,0.838,0.744,0.091
986,sphinx-automodapi,6.009,5.197,0.47,1.089,0.986,0.073,0.921,0.816,0.088
987,snorkel-metal,48.458,34.235,4.809,1.1,0.92,0.139,0.845,0.709,0.133
988,pdfrw,0.942,0.772,0.121,0.874,0.753,0.092,0.77,0.648,0.119
989,aspy.yaml,1.165,0.974,0.117,0.914,0.779,0.106,0.758,0.673,0.082
990,discogs_client,1.865,1.514,0.167,0.924,0.736,0.141,0.835,0.72,0.111
991,azure-mgmt-appconfiguration,2.763,2.327,0.223,1.115,0.983,0.077,0.873,0.789,0.08
992,snapshot-phantomjs,0.835,0.692,0.114,0.877,0.748,0.103,0.814,0.71,0.101
993,cowsay,0.856,0.752,0.079,0.869,0.767,0.072,0.794,0.663,0.128
994,flickrapi,2.506,1.946,0.262,1.039,0.848,0.125,0.859,0.747,0.095
995,pyexlatex,22.046,19.817,1.873,1.414,1.19,0.13,0.825,0.728,0.092
996,pulp-py3,0.785,0.688,0.083,0.754,0.655,0.09,0.721,0.615,0.096
997,piecash,4.341,3.734,0.307,1.974,1.708,0.23,0.935,0.837,0.095
998,bibtex_gen,24.158,21.502,2.106,1.124,0.993,0.102,0.891,0.792,0.096
999,sacred,4.84,4.206,0.394,1.101,0.95,0.123,0.949,0.877,0.069
1000,eo-learn-features,31.043,29.001,5.089,1.467,1.298,0.105,1.368,1.232,0.134
1001,tf-conversions,0.811,0.674,0.083,0.783,0.654,0.103,0.68,0.59,0.082
1002,nmslib,4.343,3.757,0.453,1.441,1.232,0.157,0.841,0.747,0.09
1003,pelican-render-math,4.983,4.371,0.399,1.007,0.836,0.088,0.868,0.758,0.105
1004,pymarkovchain,1.482,1.223,0.2,1.565,1.38,0.166,0.761,0.674,0.083
1005,asana,2.199,1.826,0.197,0.992,0.838,0.098,0.782,0.675,0.103
1006,beholder,0.947,0.807,0.07,0.833,0.733,0.075,0.707,0.63,0.066
1007,percy,1.71,1.388,0.19,0.956,0.792,0.135,0.787,0.69,0.093
1008,ghp-import2,0.897,0.718,0.108,0.813,0.664,0.118,0.805,0.693,0.109
1009,pyzbar,0.935,0.811,0.082,0.921,0.801,0.092,0.722,0.661,0.058
1010,elfi,25.817,24.461,4.939,2.668,5.683,5.581,2.621,5.778,5.554
1011,azureml-model-management-sdk,10.389,9.284,0.73,1.027,0.88,0.096,0.87,0.778,0.089
1012,jep,10.51,8.547,1.536,10.255,8.68,1.417,10.081,8.467,1.483
1013,mimeparse,1.463,1.241,0.191,1.617,1.379,0.226,0.773,0.678,0.092
1014,rqt-dep,0.802,0.681,0.07,0.815,0.712,0.081,0.801,0.695,0.096
1015,gprof2dot,1.728,1.501,0.204,1.443,1.239,0.189,0.742,0.639,0.099
1016,bmcs,1.962,1.61,0.221,1.93,1.698,0.197,0.772,0.717,0.052
1017,web3,9.972,8.486,0.583,8.603,7.812,0.556,9.087,8.174,0.626
1018,nbpdfexport,8.933,7.835,0.581,1.916,1.657,0.244,1.022,0.933,0.076
1019,mirapy,13.031,11.733,1.071,0.961,0.817,0.109,0.892,0.821,0.064
1020,cleo,1.316,1.129,0.112,1.009,0.865,0.117,0.83,0.739,0.088
1021,cltk,6.298,5.43,0.572,2.478,2.042,0.416,0.815,0.709,0.102
1022,wordninja,1.82,1.597,0.2,1.843,1.616,0.182,0.785,0.664,0.098
1023,cassandra-driver,1.908,1.627,0.164,1.358,1.175,0.127,0.812,0.707,0.103
1024,planar,4.873,4.492,0.288,4.879,4.617,0.232,5.03,4.685,0.316
1025,baobao,0.733,0.657,0.068,0.709,0.601,0.098,0.713,0.597,0.096
1026,pykneer,47.455,39.077,4.698,4.332,3.724,0.567,1.616,1.503,0.108
1027,mkl_fft,31.493,17.458,4.432,0.899,0.73,0.131,0.757,0.661,0.093
1028,fog,3.612,2.79,0.463,1.769,1.545,0.202,1.723,1.487,0.193
1029,pyformulas,6.816,5.987,0.645,3.355,2.823,0.478,3.309,2.826,0.431
1030,crdp,1.339,1.13,0.181,1.352,1.116,0.198,1.271,1.094,0.158
1031,nptdms,3.825,3.38,0.385,1.788,1.566,0.19,0.781,0.681,0.096
1032,pysf,0.957,0.803,0.105,0.969,0.803,0.118,0.782,0.69,0.088
1033,rx,1.201,0.875,0.141,1.162,0.993,0.134,0.728,0.629,0.096
1034,matplotlib-base,0.705,0.561,0.089,0.787,0.633,0.145,0.793,0.674,0.093
1035,multiprocessing-on-dill,1.824,1.532,0.233,1.601,1.395,0.179,0.749,0.67,0.076
1036,featuretools_tsfresh_primitives,28.398,24.014,1.866,1.416,1.267,0.115,1.174,1.085,0.084
1037,shutilwhich,1.632,1.452,0.164,1.532,1.375,0.144,0.67,0.58,0.086
1038,chart_studio.plotly,0.743,0.606,0.087,0.778,0.657,0.113,0.754,0.662,0.081
1039,postcodes-io-api,1.733,1.485,0.13,0.933,0.785,0.099,0.782,0.686,0.093
1040,roscreate,2.237,1.923,0.281,2.308,1.914,0.335,2.275,1.905,0.341
1041,audio.coders,3.833,3.163,0.563,3.814,3.123,0.604,3.876,3.332,0.498
1042,static3,1.573,1.367,0.189,1.684,1.473,0.198,0.724,0.622,0.098
1043,pygmsh,3.687,3.255,0.3,0.979,0.848,0.1,0.755,0.658,0.093
1044,platypus-opt,1.077,0.9,0.108,0.995,0.81,0.155,0.747,0.652,0.092
1045,tvb-library,14.339,12.668,1.297,1.328,1.172,0.113,0.869,0.79,0.075
1046,azure-mgmt-security,3.023,2.5,0.302,1.362,1.159,0.163,0.897,0.779,0.116
1047,cn2an,1.192,1.033,0.095,0.929,0.813,0.071,0.783,0.688,0.093
1048,docrepr,5.429,4.499,0.489,0.961,0.834,0.078,0.94,0.819,0.118
1049,simple-salesforce,3.411,2.971,0.237,1.02,0.902,0.092,0.9,0.791,0.095
1050,fusepy,1.584,1.369,0.185,1.612,1.395,0.201,0.731,0.672,0.056
1051,orange3-associate,18.216,17.368,6.751,35.261,17.823,5.781,16.428,17.254,5.565
1052,pyats.examples,9.305,7.329,0.743,1.259,1.077,0.124,1.017,0.912,0.102
1053,rqt-graph,0.789,0.676,0.061,0.773,0.68,0.084,0.759,0.653,0.097
1054,annotationframeworkclient,13.975,11.987,1.259,2.627,2.284,0.304,0.907,0.791,0.113
1055,python-pam,0.916,0.761,0.11,0.928,0.772,0.106,0.767,0.688,0.076
1056,pymssql,1.101,0.889,0.123,1.126,0.966,0.115,0.762,0.658,0.092
1057,ml-insights,11.604,10.508,0.902,0.933,0.808,0.093,0.846,0.757,0.086
1058,fast_pagerank,0.841,0.701,0.114,0.918,0.777,0.096,0.778,0.7,0.076
1059,efficientnet-pytorch,31.551,23.634,4.461,1.688,1.507,0.163,0.832,0.714,0.113
1060,apng,0.886,0.739,0.103,0.792,0.692,0.074,0.775,0.695,0.077
1061,optimparallel,5.867,5.21,0.596,0.914,0.729,0.13,0.775,0.675,0.097
1062,rasa-sdk,5.141,4.411,0.334,1.253,1.138,0.084,1.016,0.871,0.14
1063,tf-nightly-gpu-2.0-preview,0.736,0.595,0.086,0.663,0.572,0.081,0.769,0.679,0.082
1064,roslib,0.732,0.592,0.088,0.778,0.677,0.083,0.754,0.671,0.074
1065,azure-mgmt-netapp,2.846,2.368,0.239,1.112,0.981,0.079,0.904,0.783,0.118
1066,django-class,0.799,0.641,0.088,0.783,0.644,0.131,0.78,0.677,0.095
1067,python-redis-cache,0.886,0.759,0.083,0.884,0.749,0.109,0.76,0.681,0.075
1068,datawig,14.201,12.296,1.061,1.804,1.571,0.215,0.802,0.709,0.09
1069,intern,14.366,12.017,1.941,13.818,11.715,1.92,13.976,12.041,1.762
1070,flask-security,7.449,6.488,0.672,1.163,1.025,0.107,0.99,0.874,0.112
1071,paho_mqtt,1.651,1.388,0.207,1.615,1.393,0.206,0.713,0.613,0.095
1072,keyrings.cryptfile,4.622,3.961,0.403,1.762,1.532,0.19,0.941,0.834,0.103
1073,mailbox,1.609,1.389,0.185,1.696,1.475,0.184,0.744,0.634,0.105
1074,geojson-precision,0.82,0.696,0.073,0.795,0.721,0.065,0.768,0.666,0.093
1075,asynctest,0.901,0.759,0.116,0.877,0.712,0.139,0.729,0.641,0.084
1076,xai,12.707,11.29,0.976,1.013,0.863,0.072,0.872,0.79,0.079
1077,pd,1.471,1.285,0.138,1.675,1.472,0.19,0.777,0.678,0.096
1078,khmer,4.15,3.428,0.46,1.53,1.276,0.213,0.751,0.66,0.085
1079,txaio,0.945,0.82,0.097,1.006,0.865,0.09,0.816,0.726,0.086
1080,rqt-srv,0.759,0.607,0.106,0.753,0.662,0.076,0.752,0.65,0.09
1081,maven,8.878,7.948,0.566,1.08,0.957,0.091,0.834,0.736,0.095
1082,orkg,9.156,8.091,0.754,1.599,1.397,0.187,0.797,0.698,0.096
1083,xkit,0.723,0.596,0.098,0.782,0.668,0.104,0.806,0.699,0.097
1084,pysastrawi,1.001,0.837,0.099,0.989,0.849,0.097,0.797,0.707,0.086
1085,hail,42.533,34.024,4.381,3.523,3.045,0.41,1.321,1.218,0.099
1086,nb-pdf-template,1.653,1.429,0.191,1.542,1.362,0.168,0.706,0.623,0.08
1087,flask_restplus,4.562,3.911,0.417,1.248,1.093,0.117,0.899,0.805,0.084
1088,mplex-image,17.87,15.189,1.348,7.986,5.729,1.049,0.92,0.795,0.121
1089,astrobase,15.972,14.093,1.131,1.442,1.282,0.115,0.928,0.857,0.068
1090,pygmt,8.679,7.329,0.539,1.283,1.082,0.145,0.897,0.826,0.067
1091,tensorflow_core.compat.v1,0.783,0.644,0.089,0.775,0.663,0.104,0.814,0.686,0.097
1092,genie.libs.robot,1.672,1.134,0.089,0.935,0.789,0.115,0.805,0.719,0.083
1093,nba-api,2.074,1.678,0.283,1.229,1.039,0.136,0.802,0.727,0.072
1094,jupylet,25.731,22.409,1.908,2.648,2.341,0.25,1.469,1.386,0.08
1095,pyorbital,7.234,6.371,0.668,1.682,1.44,0.202,0.802,0.728,0.07
1096,airtable-python-wrapper,1.808,1.548,0.168,0.893,0.779,0.088,0.753,0.683,0.066
1097,flask-json,2.392,2.071,0.148,1.011,0.871,0.11,0.777,0.684,0.089
1098,dpath,1.551,1.357,0.179,1.626,1.423,0.189,0.641,0.573,0.063
1099,jigu,0.803,0.701,0.092,0.788,0.671,0.097,0.783,0.656,0.117
1100,pandas_flavor,7.108,6.444,0.513,1.011,0.895,0.067,0.857,0.792,0.061
1101,atomap,37.724,31.691,3.117,1.791,1.605,0.132,1.348,1.239,0.106
1102,biokit,31.407,27.911,2.064,2.177,1.914,0.221,1.155,1.053,0.098
1103,ticdat,1.2,0.98,0.164,1.204,1.035,0.115,0.762,0.698,0.06
1104,pytest-console-scripts,4.022,3.469,0.346,2.697,2.355,0.304,0.916,0.839,0.072
1105,rdkit,0.773,0.648,0.099,0.799,0.679,0.091,0.792,0.665,0.118
1106,pyitunes,2.824,2.452,0.314,1.628,1.421,0.188,0.82,0.73,0.087
1107,phate,18.129,16.207,1.457,1.091,0.94,0.11,0.951,0.878,0.07
1108,console,0.986,0.809,0.115,0.928,0.791,0.096,0.732,0.641,0.088
1109,rqt-action,0.793,0.628,0.114,0.775,0.644,0.121,0.73,0.647,0.073
1110,chest,1.741,1.433,0.217,1.56,1.313,0.212,0.752,0.674,0.077
1111,pysha3,0.992,0.792,0.131,0.938,0.806,0.097,0.801,0.676,0.117
1112,genie.conf,2.647,2.27,0.177,1.179,1.006,0.128,0.685,0.592,0.089
1113,proplot,6.232,5.539,0.516,1.384,1.161,0.18,0.761,0.674,0.083
1114,pegasuspy,63.617,57.559,13.945,63.334,56.358,14.293,59.105,56.534,14.254
1115,sexmachine,1.659,1.405,0.196,1.643,1.441,0.18,0.761,0.644,0.115
1116,rqt-service-caller,0.755,0.566,0.12,0.678,0.559,0.091,0.713,0.614,0.091
1117,lasagne,3.878,3.368,0.443,1.698,1.478,0.185,0.732,0.659,0.069
1118,azureml-dataprep-rslex,1.48,1.287,0.132,1.452,1.219,0.18,0.802,0.681,0.117
1119,mongobox,1.515,1.28,0.201,1.591,1.366,0.187,0.789,0.709,0.077
1120,fbpca,1.584,1.391,0.18,1.59,1.39,0.187,0.717,0.639,0.075
1121,path-py,1.1,0.91,0.099,0.912,0.805,0.082,0.809,0.713,0.092
1122,colorspacious,3.228,2.831,0.327,0.858,0.744,0.086,0.752,0.678,0.07
1123,traitsui,5.943,5.026,0.876,3.051,2.692,0.347,0.789,0.694,0.094
1124,fig,7.604,6.567,0.779,1.695,1.517,0.161,0.792,0.706,0.08
1125,pylev,0.809,0.672,0.111,0.907,0.781,0.102,0.794,0.731,0.06
1126,sftpserver,2.955,2.541,0.261,0.997,0.888,0.079,0.813,0.714,0.095
1127,dataflows,14.564,12.806,1.084,4.724,4.237,0.359,5.286,4.553,0.374
1128,json-logging-py,1.56,1.336,0.185,1.597,1.363,0.2,0.747,0.646,0.099
1129,localization,0.96,0.777,0.094,0.997,0.813,0.114,0.794,0.686,0.105
1130,google_images_download,1.995,1.758,0.19,1.621,1.396,0.188,0.741,0.631,0.105
1131,coco,3.293,2.793,0.462,3.185,2.677,0.448,3.097,2.629,0.421
1132,verta,4.78,4.077,0.478,2.023,1.747,0.228,0.871,0.766,0.102
1133,kerberos,1.578,1.297,0.252,1.479,1.254,0.212,1.54,1.294,0.23
1134,pynio,0.716,0.596,0.095,0.783,0.694,0.079,0.741,0.656,0.074
1135,daphne,7.229,6.316,0.443,1.285,1.162,0.086,1.117,1.013,0.099
1136,azure-mgmt-applicationinsights,2.957,2.449,0.293,1.224,1.043,0.142,0.881,0.76,0.118
1137,pyvisa-py,1.711,1.469,0.109,1.046,0.882,0.122,0.819,0.714,0.103
1138,w1thermsensor,1.51,1.278,0.119,1.011,0.852,0.115,0.86,0.78,0.077
1139,beams,20.406,17.386,2.021,1.475,1.331,0.111,1.275,1.21,0.062
1140,pyfileconf,25.381,28.44,9.812,25.197,27.755,9.861,24.0,27.146,9.203
1141,leven,1.808,1.51,0.239,1.657,1.424,0.201,1.624,1.368,0.24
1142,webkit,0.677,0.573,0.076,0.753,0.691,0.052,0.763,0.633,0.104
1143,gleam,3.4,2.81,0.29,1.692,1.435,0.229,0.859,0.786,0.069
1144,atomate,30.358,32.508,10.923,31.391,32.264,10.703,28.54,30.534,10.351
1145,auto-sklearn,23.374,20.637,2.207,3.092,2.547,0.46,0.99,0.881,0.092
1146,altair_viewer,9.488,8.49,0.671,1.086,0.958,0.092,0.945,0.878,0.062
1147,azure-mgmt-datalake-analytics,4.379,3.75,0.28,1.228,1.036,0.146,0.827,0.742,0.081
1148,sklearn-contrib-lightning,3.508,2.869,0.433,3.439,2.972,0.414,3.163,2.645,0.48
1149,tensorflow-base,0.757,0.612,0.091,0.758,0.666,0.082,0.762,0.65,0.102
1150,aenum,1.018,0.905,0.078,1.068,0.914,0.117,0.709,0.63,0.076
1151,ipyspin,11.718,10.017,0.859,1.399,1.231,0.116,1.29,1.172,0.115
1152,colorgram.py,1.846,1.549,0.136,0.905,0.752,0.096,0.794,0.702,0.087
1153,nlpia,60.465,45.654,4.726,25.494,14.175,2.434,16.315,12.834,2.375
1154,sly,1.685,1.463,0.205,1.608,1.393,0.193,0.796,0.707,0.083
1155,gmm,1.581,1.323,0.234,1.696,1.486,0.175,0.796,0.697,0.093
1156,lammps-parse,3.439,2.72,0.386,1.019,0.864,0.126,0.803,0.732,0.067
1157,glowing-waffles,40.511,37.932,7.987,40.415,37.905,8.025,40.115,37.667,8.218
1158,datadotworld,11.181,9.968,0.757,1.465,1.298,0.112,1.147,1.061,0.083
1159,venn,6.62,5.908,0.561,1.708,1.48,0.176,0.711,0.609,0.1
1160,pdbecif,0.95,0.815,0.103,0.891,0.758,0.106,0.71,0.629,0.078
1161,berrl,1.761,1.428,0.215,1.528,1.368,0.147,0.675,0.572,0.099
1162,kaggle-cli,7.272,6.319,0.575,1.858,1.566,0.226,0.912,0.817,0.091
1163,openml,15.575,13.913,1.387,1.848,1.584,0.232,0.86,0.751,0.107
1164,eo-learn-visualization,21.346,20.749,4.113,1.391,1.254,0.108,1.235,1.136,0.095
1165,speedml,21.995,19.586,2.121,1.065,0.944,0.091,0.781,0.676,0.102
1166,youtokentome,1.644,1.409,0.127,0.987,0.804,0.124,0.787,0.675,0.108
1167,svgutils,1.744,1.501,0.171,0.859,0.753,0.082,0.776,0.707,0.066
1168,spacytextblob,12.4,10.808,0.93,1.156,1.044,0.08,1.142,1.041,0.097
1169,flask-jwt,2.976,2.542,0.268,1.739,1.583,0.136,0.87,0.794,0.073
1170,thinkx,12.708,11.524,0.933,1.821,1.525,0.228,0.806,0.709,0.095
1171,macaroonbakery,4.744,4.028,0.377,1.857,1.63,0.213,0.9,0.801,0.096
1172,isr,21.452,17.713,1.821,1.347,1.176,0.106,1.049,0.928,0.115
1173,flask-mysqldb,10.094,7.995,1.511,9.409,7.982,1.358,9.497,7.954,1.488
1174,missinglink,497.412,484.778,7.541,2.481,2.213,0.199,2.089,1.945,0.115
1175,hyperspy-gui-traitsui,36.226,31.785,3.346,1.517,1.372,0.09,1.402,1.295,0.104
1176,grove,15.679,13.675,1.574,8.495,7.431,0.884,8.69,7.614,0.919
1177,unittest-xml-reporting,0.934,0.806,0.093,0.938,0.812,0.096,0.67,0.591,0.075
1178,azureml-accel-models,13.017,11.431,0.81,1.444,1.341,0.064,1.233,1.156,0.074
1179,algopy,1.752,1.493,0.247,1.837,1.519,0.243,0.736,0.655,0.078
1180,pyhook,0.755,0.624,0.103,0.696,0.604,0.082,0.711,0.616,0.086
1181,jupyter-themer,13.161,11.288,1.008,2.144,1.922,0.182,1.288,1.201,0.083
1182,pandas_ml,6.728,6.097,0.513,1.007,0.86,0.116,0.776,0.67,0.103
1183,jwcrypto,3.201,2.833,0.247,0.906,0.785,0.092,0.852,0.769,0.08
1184,hep-ml,14.632,13.246,1.206,1.063,0.933,0.095,0.875,0.767,0.104
1185,pyats.aetest,13.657,11.479,1.09,1.425,1.208,0.148,1.046,0.938,0.104
1186,dicrivers,0.872,0.732,0.112,0.864,0.734,0.085,0.784,0.68,0.101
1187,airr,8.045,7.356,0.551,1.702,1.51,0.176,0.77,0.652,0.112
1188,python-afl,5.177,4.589,0.488,5.142,4.619,0.464,5.16,4.63,0.451
1189,census_area,4.479,3.817,0.453,1.067,0.838,0.123,0.794,0.698,0.092
